Workbook

Sheet Annotated by thesis author
A1: Paper number | B1: Paper Title | C1: Author | D1: Link to Paper | E1: Year | F1: Data availability | G1: Inclusion of a ReadMe | H1: Trained model inclusion | I1: Hyperparameter description | J1: Training description | K1: Paper readability | L1: Code availability | M1: The reproducibility factor from the dataset by Olszewski et al.
A2: 704 | B2: DataLens: Scalable Privacy Preserving Training via Gradient Compression and Aggregation | C2: Boxin Wang, Fan Wu, Yunhui Long, Luka Rimanic, Ce Zhang, Bo Li | D2: https://dl.acm.org/doi/pdf/10.1145/3460120.3484579 | E2: 2021 | F2: 3 | G2: 2 | H2: 0 | I2: 2 | J2: 2 | K2: 2 | L2: 2 | M2: 1
A3: 735 | B3: CRYPTGPU: Fast Privacy-Preserving Machine Learning on the GPU | C3: Sijun Tan, Brian Knott, Yuan Tian, David J. Wu | D3: https://ieeexplore.ieee.org/stamp/stamp.jsp?tp=&arnumber=9519386 | E3: 2021 | F3: 3 | G3: 1 | H3: 0 | I3: 1 | J3: 1 | K3: 2 | L3: 2 | M3: 0
A4: 546 | B4: SkillDetective: Automated Policy-Violation Detection of Voice Assistant Applications in the Wild | C4: Jeffrey Young, Song Liao, and Long Cheng, Hongxin Hu, Huixing Deng | D4: https://www.usenix.org/system/files/sec22-young.pdf | E4: 2022 | F4: 3 | G4: 2 | H4: 0 | I4: 1 | J4: 1 | K4: 1 | L4: 2 | M4: 0
A5: 634 | B5: Cost-Aware Robust Tree Ensembles for Security Applications | C5: Yizheng Chen, Shiqi Wang, Weifan Jiang, Asaf Cidon, and Suman Jana | D5: https://www.usenix.org/system/files/sec21-chen-yizheng.pdf | E5: 2021 | F5: 3 | G5: 1 | H5: 0 | I5: 2 | J5: 2 | K5: 2 | L5: 2 | M5: 1
A6: 69 | B6: Latent Backdoor Attacks on Deep Neural Networks | C6: Yuanshun Yao, Huiying Li, Haitao Zheng, Ben Y. Zhao | D6: https://dl.acm.org/doi/pdf/10.1145/3319535.3354209 | E6: 2019 | F6: 2 | G6: 0 | H6: 0 | I6: 2 | J6: 1 | K6: 2 | L6: 0 | M6: 1
A7: 454 | B7: Auditing Membership Leakages of Multi-Exit Networks | C7: Zheng Li, Yiyong Liu, Xinlei He, Ning Yu, Michael Backes, Yang Zhang | D7: https://doi.org/10.1145/3548606.3559359 | E7: 2022 | F7: 3 | G7: 0 | H7: 0 | I7: 1 | J7: 1 | K7: 2 | L7: 0 | M7: 0
A8: 610 | B8: DeepReflect: Discovering Malicious Functionality through Binary Reconstruction | C8: Evan Downing, Yisroel Mirsky, Kyuhong Park, Wenke Lee | D8: https://www.usenix.org/conference/usenixsecurity21/presentation/downing | E8: 2021 | F8: 2 | G8: 2 | H8: 0 | I8: 2 | J8: 2 | K8: 2 | L8: 2 | M8: 0
A9: 302 | B9: Effective Attacks and Provable Defenses for Website Fingerprinting | C9: Tao Wang; Xiang Cai; Rishab Nithyanand; Rob Johnson; Ian Goldberg | D9: https://www.usenix.org/system/files/conference/usenixsecurity14/sec14-paper-wang-tao.pdf | E9: 2014 | F9: 2 | G9: 2 | H9: 0 | I9: 2 | J9: 2 | K9: 2 | L9: 2 | M9: 0
A10: 714 | B10: DetectorGuard: Provably Securing Object Detectors against Localized Patch Hiding Attacks | C10: Chong Xiang, Prateek Mittal | D10: https://dl.acm.org/doi/pdf/10.1145/3460120.3484757 | E10: 2021 | F10: 3 | G10: 2 | H10: 0 | I10: 2 | J10: 2 | K10: 2 | L10: 2 | M10: 1
A11: 547 | B11: Hand Me Your PIN! Inferring ATM PINs of Users Typing with a Covered Hand | C11: Matteo Cardaioli, Stefano Cecconello, Mauro Conti, Simone Milani, Stjepan Picek, Eugen Saraci | D11: https://www.usenix.org/system/files/sec22-cardaioli.pdf | E11: 2022 | F11: 2 | G11: 0 | H11: 0 | I11: 1 | J11: 1 | K11: 2 | L11: 0 | M11: 0
A12: 592 | B12: What You See is Not What the Network Infers: Detecting Adversarial Examples Based on Semantic Contradiction | C12: Yijun Yang, Ruiyuan Gao, Yu Li, Qiuxia Lai, Qiang Xu | D12: https://www.ndss-symposium.org/wp-content/uploads/2022-1-paper.pdf | E12: 2022 | F12: 2 | G12: 2 | H12: 1 | I12: 2 | J12: 2 | K12: 2 | L12: 2 | M12: 0
A13: 108 | B13: GAN-Leaks: A Taxonomy of Membership Inference Attacks against Generative Models | C13: Dingfan Chen; Ning Yu; Yang Zhang ; Mario Fritz | D13: https://dl.acm.org/doi/pdf/10.1145/3372297.3417238 | E13: 2020 | F13: 3 | G13: 1 | H13: 0 | I13: 2 | J13: 2 | K13: 2 | L13: 2 | M13: 0
... A140: 320 | B140: Effective Detection of Multimedia Protocol Tunneling using Machine Learning | C140: Diogo Barradas, Nuno Santos, and LuÃ­s Rodrigues | D140: https://www.usenix.org/system/files/conference/usenixsecurity18/sec18-barradas.pdf | E140: 2018 | F140: 0 | G140: 0 | H140: 0 | I140: 0 | J140: 0 | K140: 1 | L140: 0 | M140: 0

Sheet Annotated by ChatGPT
A1: Paper number | B1: Paper Title | C1: Author | D1: Link to Paper | E1: Year | F1: Data availability | G1: Inclusion of a ReadMe | H1: Trained model inclusion | I1: Hyperparameter description | J1: Training description | K1: Paper readability | L1: Code availability | M1: The reproducibility factor from the dataset by Olszewski et al.
A2: 704 | B2: DataLens: Scalable Privacy Preserving Training via Gradient Compression and Aggregation | C2: Boxin Wang, Fan Wu, Yunhui Long, Luka Rimanic, Ce Zhang, Bo Li | D2: https://dl.acm.org/doi/pdf/10.1145/3460120.3484579 | E2: 2021 | F2: 3 | G2: 2 | H2: 0 | I2: 2 | J2: 2 | K2: 2 | L2: 2 | M2: 1
A3: 735 | B3: CRYPTGPU: Fast Privacy-Preserving Machine Learning on the GPU | C3: Sijun Tan, Brian Knott, Yuan Tian, David J. Wu | D3: https://ieeexplore.ieee.org/stamp/stamp.jsp?tp=&arnumber=9519386 | E3: 2021 | F3: 3 | G3: 1 | H3: 0 | I3: 2 | J3: 1 | K3: 2 | L3: 2 | M3: 0
A4: 546 | B4: SkillDetective: Automated Policy-Violation Detection of Voice Assistant Applications in the Wild | C4: Jeffrey Young, Song Liao, and Long Cheng, Hongxin Hu, Huixing Deng | D4: https://www.usenix.org/system/files/sec22-young.pdf | E4: 2022 | F4: 3 | G4: 2 | H4: 0 | I4: 1 | J4: 1 | K4: 1 | L4: 2 | M4: 0
A5: 634 | B5: Cost-Aware Robust Tree Ensembles for Security Applications | C5: Yizheng Chen, Shiqi Wang, Weifan Jiang, Asaf Cidon, and Suman Jana | D5: https://www.usenix.org/system/files/sec21-chen-yizheng.pdf | E5: 2021 | F5: 2 | G5: 1 | H5: 0 | I5: 2 | J5: 2 | K5: 2 | L5: 2 | M5: 1
A6: 69 | B6: Latent Backdoor Attacks on Deep Neural Networks | C6: Yuanshun Yao, Huiying Li, Haitao Zheng, Ben Y. Zhao | D6: https://dl.acm.org/doi/pdf/10.1145/3319535.3354209 | E6: 2019 | F6: 2 | G6: 0 | H6: 0 | I6: 2 | J6: 2 | K6: 2 | L6: 0 | M6: 1
A7: 454 | B7: Auditing Membership Leakages of Multi-Exit Networks | C7: Zheng Li, Yiyong Liu, Xinlei He, Ning Yu, Michael Backes, Yang Zhang | D7: https://doi.org/10.1145/3548606.3559359 | E7: 2022 | F7: 2 | G7: 0 | H7: 0 | I7: 2 | J7: 2 | K7: 2 | L7: 0 | M7: 0
A8: 610 | B8: DeepReflect: Discovering Malicious Functionality through Binary Reconstruction | C8: Evan Downing, Yisroel Mirsky, Kyuhong Park, Wenke Lee | D8: https://www.usenix.org/conference/usenixsecurity21/presentation/downing | E8: 2021 | F8: 2 | G8: 2 | H8: 0 | I8: 2 | J8: 2 | K8: 2 | L8: 2 | M8: 0
A9: 302 | B9: Effective Attacks and Provable Defenses for Website Fingerprinting | C9: Tao Wang; Xiang Cai; Rishab Nithyanand; Rob Johnson; Ian Goldberg | D9: https://www.usenix.org/system/files/conference/usenixsecurity14/sec14-paper-wang-tao.pdf | E9: 2014 | F9: 2 | G9: 2 | H9: 0 | I9: 2 | J9: 2 | K9: 2 | L9: 2 | M9: 0
A10: 714 | B10: DetectorGuard: Provably Securing Object Detectors against Localized Patch Hiding Attacks | C10: Chong Xiang, Prateek Mittal | D10: https://dl.acm.org/doi/pdf/10.1145/3460120.3484757 | E10: 2021 | F10: 3 | G10: 2 | H10: 0 | I10: 2 | J10: 2 | K10: 2 | L10: 2 | M10: 1
A11: 547 | B11: Hand Me Your PIN! Inferring ATM PINs of Users Typing with a Covered Hand | C11: Matteo Cardaioli, Stefano Cecconello, Mauro Conti, Simone Milani, Stjepan Picek, Eugen Saraci | D11: https://www.usenix.org/system/files/sec22-cardaioli.pdf | E11: 2022 | F11: 2 | G11: 0 | H11: 0 | I11: 1 | J11: 1 | K11: 2 | L11: 0 | M11: 0
A12: 592 | B12: What You See is Not What the Network Infers: Detecting Adversarial Examples Based on Semantic Contradiction | C12: Yijun Yang, Ruiyuan Gao, Yu Li, Qiuxia Lai, Qiang Xu | D12: https://www.ndss-symposium.org/wp-content/uploads/2022-1-paper.pdf | E12: 2022 | F12: 2 | G12: 2 | H12: 1 | I12: 2 | J12: 2 | K12: 2 | L12: 2 | M12: 0
A13: 108 | B13: GAN-Leaks: A Taxonomy of Membership Inference Attacks against Generative Models | C13: Dingfan Chen; Ning Yu; Yang Zhang ; Mario Fritz | D13: https://dl.acm.org/doi/pdf/10.1145/3372297.3417238 | E13: 2020 | F13: 3 | G13: 1 | H13: 0 | I13: 2 | J13: 2 | K13: 2 | L13: 2 | M13: 0
... A140: 320 | B140: Effective Detection of Multimedia Protocol Tunneling using Machine Learning | C140: Diogo Barradas, Nuno Santos, and LuÃ­s Rodrigues | D140: https://www.usenix.org/system/files/conference/usenixsecurity18/sec18-barradas.pdf | E140: 2018 | F140: 0 | G140: 0 | H140: 0 | I140: 0 | J140: 0 | K140: 2 | L140: 0 | M140: 0

Sheet Final Annotation
A1: Paper number | B1: Paper Title | C1: Author | D1: Link to Paper | E1: Year | F1: Data availability | G1: Inclusion of a ReadMe | H1: Trained model inclusion | I1: Hyperparameter description | J1: Training description | K1: Paper readability | L1: Code availability | M1: The reproducibility factor from the dataset by Olszewski et al.
A2: 704 | B2: DataLens: Scalable Privacy Preserving Training via Gradient Compression and Aggregation | C2: Boxin Wang, Fan Wu, Yunhui Long, Luka Rimanic, Ce Zhang, Bo Li | D2: https://dl.acm.org/doi/pdf/10.1145/3460120.3484579 | E2: 2021 | F2: =('Annotated by thesis author'!F2+'Annotated by ChatGPT'!F2)/2 -> 3 | G2: =('Annotated by thesis author'!G2+'Annotated by ChatGPT'!G2)/2 -> 2 | H2: =('Annotated by thesis author'!H2+'Annotated by ChatGPT'!H2)/2 -> 0 | I2: =('Annotated by thesis author'!I2+'Annotated by ChatGPT'!I2)/2 -> 2 | J2: =('Annotated by thesis author'!J2+'Annotated by ChatGPT'!J2)/2 -> 2 | K2: =('Annotated by thesis author'!K2+'Annotated by ChatGPT'!K2)/2 -> 2 | L2: =('Annotated by thesis author'!L2+'Annotated by ChatGPT'!L2)/2 -> 2 | M2: 1
A3: 735 | B3: CRYPTGPU: Fast Privacy-Preserving Machine Learning on the GPU | C3: Sijun Tan, Brian Knott, Yuan Tian, David J. Wu | D3: https://ieeexplore.ieee.org/stamp/stamp.jsp?tp=&arnumber=9519386 | E3: 2021 | F3: =('Annotated by thesis author'!F3+'Annotated by ChatGPT'!F3)/2 -> 3 | G3: =('Annotated by thesis author'!G3+'Annotated by ChatGPT'!G3)/2 -> 1 | H3: =('Annotated by thesis author'!H3+'Annotated by ChatGPT'!H3)/2 -> 0 | I3: 1 | J3: =('Annotated by thesis author'!J3+'Annotated by ChatGPT'!J3)/2 -> 1 | K3: =('Annotated by thesis author'!K3+'Annotated by ChatGPT'!K3)/2 -> 2 | L3: =('Annotated by thesis author'!L3+'Annotated by ChatGPT'!L3)/2 -> 2 | M3: 0
A4: 546 | B4: SkillDetective: Automated Policy-Violation Detection of Voice Assistant Applications in the Wild | C4: Jeffrey Young, Song Liao, and Long Cheng, Hongxin Hu, Huixing Deng | D4: https://www.usenix.org/system/files/sec22-young.pdf | E4: 2022 | F4: =('Annotated by thesis author'!F4+'Annotated by ChatGPT'!F4)/2 -> 3 | G4: =('Annotated by thesis author'!G4+'Annotated by ChatGPT'!G4)/2 -> 2 | H4: =('Annotated by thesis author'!H4+'Annotated by ChatGPT'!H4)/2 -> 0 | I4: =('Annotated by thesis author'!I4+'Annotated by ChatGPT'!I4)/2 -> 1 | J4: =('Annotated by thesis author'!J4+'Annotated by ChatGPT'!J4)/2 -> 1 | K4: =('Annotated by thesis author'!K4+'Annotated by ChatGPT'!K4)/2 -> 1 | L4: =('Annotated by thesis author'!L4+'Annotated by ChatGPT'!L4)/2 -> 2 | M4: 0
A5: 634 | B5: Cost-Aware Robust Tree Ensembles for Security Applications | C5: Yizheng Chen, Shiqi Wang, Weifan Jiang, Asaf Cidon, and Suman Jana | D5: https://www.usenix.org/system/files/sec21-chen-yizheng.pdf | E5: 2021 | F5: 2 | G5: =('Annotated by thesis author'!G5+'Annotated by ChatGPT'!G5)/2 -> 1 | H5: =('Annotated by thesis author'!H5+'Annotated by ChatGPT'!H5)/2 -> 0 | I5: =('Annotated by thesis author'!I5+'Annotated by ChatGPT'!I5)/2 -> 2 | J5: =('Annotated by thesis author'!J5+'Annotated by ChatGPT'!J5)/2 -> 2 | K5: =('Annotated by thesis author'!K5+'Annotated by ChatGPT'!K5)/2 -> 2 | L5: =('Annotated by thesis author'!L5+'Annotated by ChatGPT'!L5)/2 -> 2 | M5: 1
A6: 69 | B6: Latent Backdoor Attacks on Deep Neural Networks | C6: Yuanshun Yao, Huiying Li, Haitao Zheng, Ben Y. Zhao | D6: https://dl.acm.org/doi/pdf/10.1145/3319535.3354209 | E6: 2019 | F6: =('Annotated by thesis author'!F6+'Annotated by ChatGPT'!F6)/2 -> 2 | G6: =('Annotated by thesis author'!G6+'Annotated by ChatGPT'!G6)/2 -> 0 | H6: =('Annotated by thesis author'!H6+'Annotated by ChatGPT'!H6)/2 -> 0 | I6: =('Annotated by thesis author'!I6+'Annotated by ChatGPT'!I6)/2 -> 2 | J6: 1 | K6: =('Annotated by thesis author'!K6+'Annotated by ChatGPT'!K6)/2 -> 2 | L6: =('Annotated by thesis author'!L6+'Annotated by ChatGPT'!L6)/2 -> 0 | M6: 1
A7: 454 | B7: Auditing Membership Leakages of Multi-Exit Networks | C7: Zheng Li, Yiyong Liu, Xinlei He, Ning Yu, Michael Backes, Yang Zhang | D7: https://doi.org/10.1145/3548606.3559359 | E7: 2022 | F7: 2 | G7: =('Annotated by thesis author'!G7+'Annotated by ChatGPT'!G7)/2 -> 0 | H7: =('Annotated by thesis author'!H7+'Annotated by ChatGPT'!H7)/2 -> 0 | I7: 1 | J7: 1 | K7: =('Annotated by thesis author'!K7+'Annotated by ChatGPT'!K7)/2 -> 2 | L7: =('Annotated by thesis author'!L7+'Annotated by ChatGPT'!L7)/2 -> 0 | M7: 0
A8: 610 | B8: DeepReflect: Discovering Malicious Functionality through Binary Reconstruction | C8: Evan Downing, Yisroel Mirsky, Kyuhong Park, Wenke Lee | D8: https://www.usenix.org/conference/usenixsecurity21/presentation/downing | E8: 2021 | F8: =('Annotated by thesis author'!F8+'Annotated by ChatGPT'!F8)/2 -> 2 | G8: =('Annotated by thesis author'!G8+'Annotated by ChatGPT'!G8)/2 -> 2 | H8: =('Annotated by thesis author'!H8+'Annotated by ChatGPT'!H8)/2 -> 0 | I8: =('Annotated by thesis author'!I8+'Annotated by ChatGPT'!I8)/2 -> 2 | J8: =('Annotated by thesis author'!J8+'Annotated by ChatGPT'!J8)/2 -> 2 | K8: =('Annotated by thesis author'!K8+'Annotated by ChatGPT'!K8)/2 -> 2 | L8: =('Annotated by thesis author'!L8+'Annotated by ChatGPT'!L8)/2 -> 2 | M8: 0
A9: 302 | B9: Effective Attacks and Provable Defenses for Website Fingerprinting | C9: Tao Wang; Xiang Cai; Rishab Nithyanand; Rob Johnson; Ian Goldberg | D9: https://www.usenix.org/system/files/conference/usenixsecurity14/sec14-paper-wang-tao.pdf | E9: 2014 | F9: =('Annotated by thesis author'!F9+'Annotated by ChatGPT'!F9)/2 -> 2 | G9: =('Annotated by thesis author'!G9+'Annotated by ChatGPT'!G9)/2 -> 2 | H9: =('Annotated by thesis author'!H9+'Annotated by ChatGPT'!H9)/2 -> 0 | I9: =('Annotated by thesis author'!I9+'Annotated by ChatGPT'!I9)/2 -> 2 | J9: =('Annotated by thesis author'!J9+'Annotated by ChatGPT'!J9)/2 -> 2 | K9: =('Annotated by thesis author'!K9+'Annotated by ChatGPT'!K9)/2 -> 2 | L9: =('Annotated by thesis author'!L9+'Annotated by ChatGPT'!L9)/2 -> 2 | M9: 0
A10: 714 | B10: DetectorGuard: Provably Securing Object Detectors against Localized Patch Hiding Attacks | C10: Chong Xiang, Prateek Mittal | D10: https://dl.acm.org/doi/pdf/10.1145/3460120.3484757 | E10: 2021 | F10: =('Annotated by thesis author'!F10+'Annotated by ChatGPT'!F10)/2 -> 3 | G10: =('Annotated by thesis author'!G10+'Annotated by ChatGPT'!G10)/2 -> 2 | H10: =('Annotated by thesis author'!H10+'Annotated by ChatGPT'!H10)/2 -> 0 | I10: =('Annotated by thesis author'!I10+'Annotated by ChatGPT'!I10)/2 -> 2 | J10: =('Annotated by thesis author'!J10+'Annotated by ChatGPT'!J10)/2 -> 2 | K10: =('Annotated by thesis author'!K10+'Annotated by ChatGPT'!K10)/2 -> 2 | L10: =('Annotated by thesis author'!L10+'Annotated by ChatGPT'!L10)/2 -> 2 | M10: 1
A11: 547 | B11: Hand Me Your PIN! Inferring ATM PINs of Users Typing with a Covered Hand | C11: Matteo Cardaioli, Stefano Cecconello, Mauro Conti, Simone Milani, Stjepan Picek, Eugen Saraci | D11: https://www.usenix.org/system/files/sec22-cardaioli.pdf | E11: 2022 | F11: =('Annotated by thesis author'!F11+'Annotated by ChatGPT'!F11)/2 -> 2 | G11: =('Annotated by thesis author'!G11+'Annotated by ChatGPT'!G11)/2 -> 0 | H11: =('Annotated by thesis author'!H11+'Annotated by ChatGPT'!H11)/2 -> 0 | I11: =('Annotated by thesis author'!I11+'Annotated by ChatGPT'!I11)/2 -> 1 | J11: =('Annotated by thesis author'!J11+'Annotated by ChatGPT'!J11)/2 -> 1 | K11: =('Annotated by thesis author'!K11+'Annotated by ChatGPT'!K11)/2 -> 2 | L11: =('Annotated by thesis author'!L11+'Annotated by ChatGPT'!L11)/2 -> 0 | M11: 0
A12: 592 | B12: What You See is Not What the Network Infers: Detecting Adversarial Examples Based on Semantic Contradiction | C12: Yijun Yang, Ruiyuan Gao, Yu Li, Qiuxia Lai, Qiang Xu | D12: https://www.ndss-symposium.org/wp-content/uploads/2022-1-paper.pdf | E12: 2022 | F12: =('Annotated by thesis author'!F12+'Annotated by ChatGPT'!F12)/2 -> 2 | G12: =('Annotated by thesis author'!G12+'Annotated by ChatGPT'!G12)/2 -> 2 | H12: =('Annotated by thesis author'!H12+'Annotated by ChatGPT'!H12)/2 -> 1 | I12: =('Annotated by thesis author'!I12+'Annotated by ChatGPT'!I12)/2 -> 2 | J12: =('Annotated by thesis author'!J12+'Annotated by ChatGPT'!J12)/2 -> 2 | K12: =('Annotated by thesis author'!K12+'Annotated by ChatGPT'!K12)/2 -> 2 | L12: =('Annotated by thesis author'!L12+'Annotated by ChatGPT'!L12)/2 -> 2 | M12: 0
A13: 108 | B13: GAN-Leaks: A Taxonomy of Membership Inference Attacks against Generative Models | C13: Dingfan Chen; Ning Yu; Yang Zhang ; Mario Fritz | D13: https://dl.acm.org/doi/pdf/10.1145/3372297.3417238 | E13: 2020 | F13: =('Annotated by thesis author'!F13+'Annotated by ChatGPT'!F13)/2 -> 3 | G13: =('Annotated by thesis author'!G13+'Annotated by ChatGPT'!G13)/2 -> 1 | H13: =('Annotated by thesis author'!H13+'Annotated by ChatGPT'!H13)/2 -> 0 | I13: =('Annotated by thesis author'!I13+'Annotated by ChatGPT'!I13)/2 -> 2 | J13: =('Annotated by thesis author'!J13+'Annotated by ChatGPT'!J13)/2 -> 2 | K13: =('Annotated by thesis author'!K13+'Annotated by ChatGPT'!K13)/2 -> 2 | L13: =('Annotated by thesis author'!L13+'Annotated by ChatGPT'!L13)/2 -> 2 | M13: 0
A14: 664 | B14: Evading Voltage-Based Intrusion Detection on Automotive CAN | C14: Rohit Bhatia, Vireshwar Kumar, Khaled Serag, Z. Berkay Celik, Mathias Payer and Dongyan Xu | D14: https://www.ndss-symposium.org/wp-content/uploads/ndss2021_6B-1_23013_paper.pdf | E14: 2021 | F14: =('Annotated by thesis author'!F14+'Annotated by ChatGPT'!F14)/2 -> 0 | G14: =('Annotated by thesis author'!G14+'Annotated by ChatGPT'!G14)/2 -> 0 | H14: =('Annotated by thesis author'!H14+'Annotated by ChatGPT'!H14)/2 -> 0 | I14: =('Annotated by thesis author'!I14+'Annotated by ChatGPT'!I14)/2 -> 1 | J14: =('Annotated by thesis author'!J14+'Annotated by ChatGPT'!J14)/2 -> 1 | K14: =('Annotated by thesis author'!K14+'Annotated by ChatGPT'!K14)/2 -> 1 | L14: =('Annotated by thesis author'!L14+'Annotated by ChatGPT'!L14)/2 -> 0 | M14: 0
A15: 44 | B15: Exploiting Unintended Feature Leakage in Collaborative Learning | C15: Luca Melis, Congzheng Song, Emiliano De Cristofaro, Vitaly Shmatikov | D15: https://ieeexplore.ieee.org/stamp/stamp.jsp?arnumber=8835269 | E15: 2019 | F15: =('Annotated by thesis author'!F15+'Annotated by ChatGPT'!F15)/2 -> 2 | G15: =('Annotated by thesis author'!G15+'Annotated by ChatGPT'!G15)/2 -> 0 | H15: =('Annotated by thesis author'!H15+'Annotated by ChatGPT'!H15)/2 -> 0 | I15: =('Annotated by thesis author'!I15+'Annotated by ChatGPT'!I15)/2 -> 1 | J15: =('Annotated by thesis author'!J15+'Annotated by ChatGPT'!J15)/2 -> 1 | K15: =('Annotated by thesis author'!K15+'Annotated by ChatGPT'!K15)/2 -> 2 | L15: =('Annotated by thesis author'!L15+'Annotated by ChatGPT'!L15)/2 -> 0 | M15: 0
A16: 269 | B16: Model Stealing Attacks Against Inductive Graph Neural Networks | C16: Yun Shen, Xinlei He, Yufei Han, Yang Zhang | D16: https://ieeexplore.ieee.org/stamp/stamp.jsp?arnumber=9833607 | E16: 2022 | F16: =('Annotated by thesis author'!F16+'Annotated by ChatGPT'!F16)/2 -> 2 | G16: =('Annotated by thesis author'!G16+'Annotated by ChatGPT'!G16)/2 -> 0 | H16: =('Annotated by thesis author'!H16+'Annotated by ChatGPT'!H16)/2 -> 0 | I16: =('Annotated by thesis author'!I16+'Annotated by ChatGPT'!I16)/2 -> 2 | J16: =('Annotated by thesis author'!J16+'Annotated by ChatGPT'!J16)/2 -> 2 | K16: 1 | L16: =('Annotated by thesis author'!L16+'Annotated by ChatGPT'!L16)/2 -> 0 | M16: 1
A17: 629 | B17: GForce: GPU-Friendly Oblivious and Rapid Neural Network Inference | C17: Lucien K. L. Ng and Sherman S. M. Chow | D17: https://www.usenix.org/system/files/sec21-ng.pdf | E17: 2021 | F17: =('Annotated by thesis author'!F17+'Annotated by ChatGPT'!F17)/2 -> 2 | G17: =('Annotated by thesis author'!G17+'Annotated by ChatGPT'!G17)/2 -> 0 | H17: =('Annotated by thesis author'!H17+'Annotated by ChatGPT'!H17)/2 -> 0 | I17: =('Annotated by thesis author'!I17+'Annotated by ChatGPT'!I17)/2 -> 2 | J17: =('Annotated by thesis author'!J17+'Annotated by ChatGPT'!J17)/2 -> 2 | K17: =('Annotated by thesis author'!K17+'Annotated by ChatGPT'!K17)/2 -> 2 | L17: =('Annotated by thesis author'!L17+'Annotated by ChatGPT'!L17)/2 -> 0 | M17: 1
A18: 620 | B18: SmarTest: Effectively Hunting Vulnerable Transaction Sequences in Smart Contracts through Language Model-Guided Symbolic Execution | C18: Sunbeom So, Seongjoon Hong, Hakjoo Oh | D18: https://www.usenix.org/system/files/sec21-so.pdf | E18: 2021 | F18: =('Annotated by thesis author'!F18+'Annotated by ChatGPT'!F18)/2 -> 0 | G18: =('Annotated by thesis author'!G18+'Annotated by ChatGPT'!G18)/2 -> 0 | H18: =('Annotated by thesis author'!H18+'Annotated by ChatGPT'!H18)/2 -> 0 | I18: =('Annotated by thesis author'!I18+'Annotated by ChatGPT'!I18)/2 -> 0 | J18: =('Annotated by thesis author'!J18+'Annotated by ChatGPT'!J18)/2 -> 1 | K18: =('Annotated by thesis author'!K18+'Annotated by ChatGPT'!K18)/2 -> 0 | L18: =('Annotated by thesis author'!L18+'Annotated by ChatGPT'!L18)/2 -> 1 | M18: 0
A19: 78 | B19: Neural Network Inversion in Adversarial Setting via_x000D_ Background Knowledge Alignment | C19: Ziqi Yang, Jiyi Zhang, Ee-Chien Chang, Zhenkai Liang | D19: https://dl.acm.org/doi/pdf/10.1145/3319535.3354261 | E19: 2019 | F19: =('Annotated by thesis author'!F19+'Annotated by ChatGPT'!F19)/2 -> 2 | G19: =('Annotated by thesis author'!G19+'Annotated by ChatGPT'!G19)/2 -> 0 | H19: =('Annotated by thesis author'!H19+'Annotated by ChatGPT'!H19)/2 -> 0 | I19: =('Annotated by thesis author'!I19+'Annotated by ChatGPT'!I19)/2 -> 1 | J19: =('Annotated by thesis author'!J19+'Annotated by ChatGPT'!J19)/2 -> 1 | K19: =('Annotated by thesis author'!K19+'Annotated by ChatGPT'!K19)/2 -> 2 | L19: =('Annotated by thesis author'!L19+'Annotated by ChatGPT'!L19)/2 -> 0 | M19: 0
A20: 578 | B20: DnD: A Cross-Architecture Deep Neural Network Decompiler | C20: Ruoyu Wu, Taegyu Kim, Dave (Jing) Tian, Antonio Bianchi, Dongyan Xu | D20: https://www.usenix.org/system/files/sec22-wu-ruoyu.pdf | E20: 2022 | F20: =('Annotated by thesis author'!F20+'Annotated by ChatGPT'!F20)/2 -> 0 | G20: =('Annotated by thesis author'!G20+'Annotated by ChatGPT'!G20)/2 -> 0 | H20: =('Annotated by thesis author'!H20+'Annotated by ChatGPT'!H20)/2 -> 0 | I20: =('Annotated by thesis author'!I20+'Annotated by ChatGPT'!I20)/2 -> 0 | J20: =('Annotated by thesis author'!J20+'Annotated by ChatGPT'!J20)/2 -> 1 | K20: =('Annotated by thesis author'!K20+'Annotated by ChatGPT'!K20)/2 -> 1 | L20: =('Annotated by thesis author'!L20+'Annotated by ChatGPT'!L20)/2 -> 2 | M20: 0
A21: 268 | B21: Model Orthogonalization: Class Distance Hardening in Neural Networks for Better Security | C21: Guanhong Tao, Yingqi Liu, Guangyu Shen, Qiuling Xu, Shengwei An, Zhuo Zhang, Xiangyu Zhang | D21: https://ieeexplore.ieee.org/document/9833688 | E21: 2022 | F21: =('Annotated by thesis author'!F21+'Annotated by ChatGPT'!F21)/2 -> 0 | G21: =('Annotated by thesis author'!G21+'Annotated by ChatGPT'!G21)/2 -> 0 | H21: =('Annotated by thesis author'!H21+'Annotated by ChatGPT'!H21)/2 -> 0 | I21: =('Annotated by thesis author'!I21+'Annotated by ChatGPT'!I21)/2 -> 1 | J21: =('Annotated by thesis author'!J21+'Annotated by ChatGPT'!J21)/2 -> 2 | K21: =('Annotated by thesis author'!K21+'Annotated by ChatGPT'!K21)/2 -> 1 | L21: =('Annotated by thesis author'!L21+'Annotated by ChatGPT'!L21)/2 -> 0 | M21: 0
A22: 655 | B22: To Err.Is Human: Characterizing the Threat of Unintended URLs in Social Media | C22: Beliz Kaleli Boston, Brian Kondracki, Manuel Egele, Nick Nikiforakis, Gianluca Stringhini | D22: https://www.ndss-symposium.org/wp-content/uploads/ndss2021_3A-4_24322_paper.pdf | E22: 2021 | F22: =('Annotated by thesis author'!F22+'Annotated by ChatGPT'!F22)/2 -> 2 | G22: =('Annotated by thesis author'!G22+'Annotated by ChatGPT'!G22)/2 -> 0 | H22: =('Annotated by thesis author'!H22+'Annotated by ChatGPT'!H22)/2 -> 0 | I22: =('Annotated by thesis author'!I22+'Annotated by ChatGPT'!I22)/2 -> 1 | J22: =('Annotated by thesis author'!J22+'Annotated by ChatGPT'!J22)/2 -> 1 | K22: =('Annotated by thesis author'!K22+'Annotated by ChatGPT'!K22)/2 -> 2 | L22: =('Annotated by thesis author'!L22+'Annotated by ChatGPT'!L22)/2 -> 0 | M22: 0
A23: 556 | B23: Khaleesi: Breaker of Advertising and Tracking Request Chains | C23: Umar Iqbal, Charlie Wolfe, Charles Nguyen, Steven Englehardt, Zubair Shafiq | D23: https://www.usenix.org/system/files/sec22-iqbal.pdf | E23: 2022 | F23: =('Annotated by thesis author'!F23+'Annotated by ChatGPT'!F23)/2 -> 2 | G23: =('Annotated by thesis author'!G23+'Annotated by ChatGPT'!G23)/2 -> 1 | H23: =('Annotated by thesis author'!H23+'Annotated by ChatGPT'!H23)/2 -> 0 | I23: =('Annotated by thesis author'!I23+'Annotated by ChatGPT'!I23)/2 -> 1 | J23: =('Annotated by thesis author'!J23+'Annotated by ChatGPT'!J23)/2 -> 2 | K23: =('Annotated by thesis author'!K23+'Annotated by ChatGPT'!K23)/2 -> 2 | L23: =('Annotated by thesis author'!L23+'Annotated by ChatGPT'!L23)/2 -> 1 | M23: 1
A24: 317 | B24: Practical Evasion of a Learning-Based Classifier: A Case Study | C24: Nedim Srndic and Pavel Laskov | D24: https://ieeexplore.ieee.org/stamp/stamp.jsp?tp=&arnumber=6956565 | E24: 2014 | F24: =('Annotated by thesis author'!F24+'Annotated by ChatGPT'!F24)/2 -> 1 | G24: =('Annotated by thesis author'!G24+'Annotated by ChatGPT'!G24)/2 -> 0 | H24: =('Annotated by thesis author'!H24+'Annotated by ChatGPT'!H24)/2 -> 0 | I24: =('Annotated by thesis author'!I24+'Annotated by ChatGPT'!I24)/2 -> 1 | J24: =('Annotated by thesis author'!J24+'Annotated by ChatGPT'!J24)/2 -> 1 | K24: =('Annotated by thesis author'!K24+'Annotated by ChatGPT'!K24)/2 -> 1 | L24: =('Annotated by thesis author'!L24+'Annotated by ChatGPT'!L24)/2 -> 2 | M24: 0
A25: 98 | B25: Adversarial Attacks Against Automatic Speech_x000D_ Recognition Systems via Psychoacoustic Hiding | C25: Lea Schonherr, Katharina Kohls, Steffen Zeiler, Thorsten Holz, and Dorothea Kolossa | D25: https://arxiv.org/pdf/1808.05665.pdf | E25: 2019 | F25: =('Annotated by thesis author'!F25+'Annotated by ChatGPT'!F25)/2 -> 2 | G25: =('Annotated by thesis author'!G25+'Annotated by ChatGPT'!G25)/2 -> 0 | H25: =('Annotated by thesis author'!H25+'Annotated by ChatGPT'!H25)/2 -> 0 | I25: =('Annotated by thesis author'!I25+'Annotated by ChatGPT'!I25)/2 -> 1 | J25: =('Annotated by thesis author'!J25+'Annotated by ChatGPT'!J25)/2 -> 1 | K25: =('Annotated by thesis author'!K25+'Annotated by ChatGPT'!K25)/2 -> 2 | L25: =('Annotated by thesis author'!L25+'Annotated by ChatGPT'!L25)/2 -> 0 | M25: 0
A26: 422 | B26: Devilâ€™s Whisper: A General Approach for Physical Adversarial Attacks against Commercial Black-box Speech Recognition Devices | C26: Yuxuan Chen; Xuejing Yuan; Jiangshan Zhang; Yue Zhao; Shengzhi Zhang; Kai Chen; XiaoFeng Wang | D26: https://www.usenix.org/system/files/sec20-chen-yuxuan.pdf | E26: 2020 | F26: =('Annotated by thesis author'!F26+'Annotated by ChatGPT'!F26)/2 -> 3 | G26: =('Annotated by thesis author'!G26+'Annotated by ChatGPT'!G26)/2 -> 2 | H26: =('Annotated by thesis author'!H26+'Annotated by ChatGPT'!H26)/2 -> 1 | I26: =('Annotated by thesis author'!I26+'Annotated by ChatGPT'!I26)/2 -> 1 | J26: =('Annotated by thesis author'!J26+'Annotated by ChatGPT'!J26)/2 -> 1 | K26: 1 | L26: =('Annotated by thesis author'!L26+'Annotated by ChatGPT'!L26)/2 -> 2 | M26: 0
A27: 562 | B27: Transferring Adversarial Robustness Through Robust Representation Matching | C27: Pratik Vaishnavi, Kevin Eykholt, Amir Rahmati | D27: https://www.usenix.org/system/files/sec22-vaishnavi.pdf | E27: 2022 | F27: =('Annotated by thesis author'!F27+'Annotated by ChatGPT'!F27)/2 -> 2 | G27: =('Annotated by thesis author'!G27+'Annotated by ChatGPT'!G27)/2 -> 0 | H27: =('Annotated by thesis author'!H27+'Annotated by ChatGPT'!H27)/2 -> 1 | I27: =('Annotated by thesis author'!I27+'Annotated by ChatGPT'!I27)/2 -> 2 | J27: =('Annotated by thesis author'!J27+'Annotated by ChatGPT'!J27)/2 -> 2 | K27: =('Annotated by thesis author'!K27+'Annotated by ChatGPT'!K27)/2 -> 2 | L27: =('Annotated by thesis author'!L27+'Annotated by ChatGPT'!L27)/2 -> 1 | M27: 0
A28: 669 | B28: FlowLens: Enabling Efficient Flow Classification for ML-based Network Security Applications | C28: Diogo Barradas, Nuno Santos, Lu ÌÄ±s Rodrigues, Salvatore Signorello, Fernando M. V. Ramos, Andre Ì Madeira | D28: https://www.ndss-symposium.org/wp-content/uploads/ndss2021_7C-2_24067_paper.pdf | E28: 2021 | F28: =('Annotated by thesis author'!F28+'Annotated by ChatGPT'!F28)/2 -> 0 | G28: =('Annotated by thesis author'!G28+'Annotated by ChatGPT'!G28)/2 -> 0 | H28: =('Annotated by thesis author'!H28+'Annotated by ChatGPT'!H28)/2 -> 0 | I28: =('Annotated by thesis author'!I28+'Annotated by ChatGPT'!I28)/2 -> 1 | J28: =('Annotated by thesis author'!J28+'Annotated by ChatGPT'!J28)/2 -> 1 | K28: =('Annotated by thesis author'!K28+'Annotated by ChatGPT'!K28)/2 -> 1 | L28: =('Annotated by thesis author'!L28+'Annotated by ChatGPT'!L28)/2 -> 0 | M28: 0
A29: 70 | B29: Learning to Fuzz from Symbolic Execution with Application to Smart Contracts | C29: Jingxuan He, Mislav BalunoviÆ’Ã¡, Nodar Ambroladze, Petar Tsankov, Martin Vechev | D29: https://dl.acm.org/doi/pdf/10.1145/3319535.3363230 | E29: 2019 | F29: =('Annotated by thesis author'!F29+'Annotated by ChatGPT'!F29)/2 -> 3 | G29: =('Annotated by thesis author'!G29+'Annotated by ChatGPT'!G29)/2 -> 0 | H29: =('Annotated by thesis author'!H29+'Annotated by ChatGPT'!H29)/2 -> 1 | I29: =('Annotated by thesis author'!I29+'Annotated by ChatGPT'!I29)/2 -> 2 | J29: =('Annotated by thesis author'!J29+'Annotated by ChatGPT'!J29)/2 -> 2 | K29: =('Annotated by thesis author'!K29+'Annotated by ChatGPT'!K29)/2 -> 1 | L29: =('Annotated by thesis author'!L29+'Annotated by ChatGPT'!L29)/2 -> 2 | M29: 0
A30: 151 | B30: When Malware is Packinâ€™ Heat;_x000D_ Limits of Machine Learning Classifiers Based on_x000D_ Static Analysis Features | C30: Hojjat Aghakhani, Fabio Gritti, Francesco Mecca, Martina Lindorfer, Stefano Ortolani, Davide Balzarotti, Giovanni Vigna, and Christopher Kruegel | D30: https://www.ndss-symposium.org/wp-content/uploads/2020/02/24310-paper.pdf | E30: 2020 | F30: =('Annotated by thesis author'!F30+'Annotated by ChatGPT'!F30)/2 -> 3 | G30: =('Annotated by thesis author'!G30+'Annotated by ChatGPT'!G30)/2 -> 2 | H30: =('Annotated by thesis author'!H30+'Annotated by ChatGPT'!H30)/2 -> 1 | I30: =('Annotated by thesis author'!I30+'Annotated by ChatGPT'!I30)/2 -> 2 | J30: =('Annotated by thesis author'!J30+'Annotated by ChatGPT'!J30)/2 -> 2 | K30: =('Annotated by thesis author'!K30+'Annotated by ChatGPT'!K30)/2 -> 2 | L30: =('Annotated by thesis author'!L30+'Annotated by ChatGPT'!L30)/2 -> 2 | M30: 0
A31: 571 | B31: Blacklight: Scalable Defense for Neural Networks against Query-Based Black-Box Attacks | C31: Huiying Li, Shawn Shan, Emily Wenger, Jiayun Zhang, Haitao Zheng, Ben Y. Zhao | D31: https://www.usenix.org/system/files/sec22-li-huiying.pdf | E31: 2022 | F31: =('Annotated by thesis author'!F31+'Annotated by ChatGPT'!F31)/2 -> 3 | G31: =('Annotated by thesis author'!G31+'Annotated by ChatGPT'!G31)/2 -> 0 | H31: =('Annotated by thesis author'!H31+'Annotated by ChatGPT'!H31)/2 -> 0 | I31: =('Annotated by thesis author'!I31+'Annotated by ChatGPT'!I31)/2 -> 2 | J31: =('Annotated by thesis author'!J31+'Annotated by ChatGPT'!J31)/2 -> 1 | K31: =('Annotated by thesis author'!K31+'Annotated by ChatGPT'!K31)/2 -> 2 | L31: =('Annotated by thesis author'!L31+'Annotated by ChatGPT'!L31)/2 -> 2 | M31: 1
A32: 430 | B32: Sunlight: Fine-grained Targeting Detection at Scale with Statistical Confidence | C32: Mathias LÃ©cuyer, Riley Spahn, Yannis Spiliopolous, Augustin Chaintreau, Roxana Geambasu, Daniel J. Hsu | D32: https://doi.org/10.1145/2810103.2813614 | E32: 2015 | F32: =('Annotated by thesis author'!F32+'Annotated by ChatGPT'!F32)/2 -> 3 | G32: =('Annotated by thesis author'!G32+'Annotated by ChatGPT'!G32)/2 -> 1 | H32: =('Annotated by thesis author'!H32+'Annotated by ChatGPT'!H32)/2 -> 0 | I32: =('Annotated by thesis author'!I32+'Annotated by ChatGPT'!I32)/2 -> 1 | J32: =('Annotated by thesis author'!J32+'Annotated by ChatGPT'!J32)/2 -> 1 | K32: =('Annotated by thesis author'!K32+'Annotated by ChatGPT'!K32)/2 -> 1 | L32: =('Annotated by thesis author'!L32+'Annotated by ChatGPT'!L32)/2 -> 1 | M32: 0
A33: 244 | B33: Towards Evaluating the Robustness of Neural Networks | C33: Nicholas Carlini, David Wagner | D33: https://www.ieee-security.org/TC/SP2017/papers/518.pdf | E33: 2017 | F33: =('Annotated by thesis author'!F33+'Annotated by ChatGPT'!F33)/2 -> 3 | G33: =('Annotated by thesis author'!G33+'Annotated by ChatGPT'!G33)/2 -> 0 | H33: =('Annotated by thesis author'!H33+'Annotated by ChatGPT'!H33)/2 -> 0 | I33: =('Annotated by thesis author'!I33+'Annotated by ChatGPT'!I33)/2 -> 2 | J33: =('Annotated by thesis author'!J33+'Annotated by ChatGPT'!J33)/2 -> 2 | K33: =('Annotated by thesis author'!K33+'Annotated by ChatGPT'!K33)/2 -> 2 | L33: =('Annotated by thesis author'!L33+'Annotated by ChatGPT'!L33)/2 -> 1 | M33: 1
A34: 455 | B34: BadEncoder: Backdoor Attacks to Pre-trained Encoders in Self-Supervised Learning | C34: Jinyuan Jia, Yupei Liu, Neil Zhenqiang Gong | D34: https://doi.org/10.1109/SP46214.2022.9833644 | E34: 2022 | F34: =('Annotated by thesis author'!F34+'Annotated by ChatGPT'!F34)/2 -> 3 | G34: =('Annotated by thesis author'!G34+'Annotated by ChatGPT'!G34)/2 -> 0 | H34: =('Annotated by thesis author'!H34+'Annotated by ChatGPT'!H34)/2 -> 0 | I34: =('Annotated by thesis author'!I34+'Annotated by ChatGPT'!I34)/2 -> 2 | J34: =('Annotated by thesis author'!J34+'Annotated by ChatGPT'!J34)/2 -> 2 | K34: =('Annotated by thesis author'!K34+'Annotated by ChatGPT'!K34)/2 -> 2 | L34: =('Annotated by thesis author'!L34+'Annotated by ChatGPT'!L34)/2 -> 2 | M34: 0
A35: 671 | B35: XDA: Accurate, Robust Disassembly with Transfer Learning | C35: Kexin Pei, Jonas Guan, David Williams-King, Junfeng Yang, Suman Jana | D35: https://www.ndss-symposium.org/wp-content/uploads/ndss2021_1B-3_23112_paper.pdf | E35: 2021 | F35: =('Annotated by thesis author'!F35+'Annotated by ChatGPT'!F35)/2 -> 0 | G35: =('Annotated by thesis author'!G35+'Annotated by ChatGPT'!G35)/2 -> 2 | H35: =('Annotated by thesis author'!H35+'Annotated by ChatGPT'!H35)/2 -> 1 | I35: =('Annotated by thesis author'!I35+'Annotated by ChatGPT'!I35)/2 -> 2 | J35: =('Annotated by thesis author'!J35+'Annotated by ChatGPT'!J35)/2 -> 2 | K35: =('Annotated by thesis author'!K35+'Annotated by ChatGPT'!K35)/2 -> 2 | L35: =('Annotated by thesis author'!L35+'Annotated by ChatGPT'!L35)/2 -> 2 | M35: 1
A36: 483 | B36: Reconstructing Training Data with Informed Adversaries | C36: Borja Balle, Giovanni Cherubin, Jamie Hayes | D36: https://doi.org/10.1109/SP46214.2022.9833677 | E36: 2022 | F36: =('Annotated by thesis author'!F36+'Annotated by ChatGPT'!F36)/2 -> 3 | G36: =('Annotated by thesis author'!G36+'Annotated by ChatGPT'!G36)/2 -> 0 | H36: =('Annotated by thesis author'!H36+'Annotated by ChatGPT'!H36)/2 -> 0 | I36: =('Annotated by thesis author'!I36+'Annotated by ChatGPT'!I36)/2 -> 2 | J36: =('Annotated by thesis author'!J36+'Annotated by ChatGPT'!J36)/2 -> 2 | K36: =('Annotated by thesis author'!K36+'Annotated by ChatGPT'!K36)/2 -> 2 | L36: =('Annotated by thesis author'!L36+'Annotated by ChatGPT'!L36)/2 -> 2 | M36: 1
A37: 496 | B37: Exposing the Rat in the Tunnel: Using Traffic Analysis for Tor-based Malware Detection | C37: Priyanka Dodia, Mashael AlSabah, Omar Alrawi, Tao Wang | D37: https://dl.acm.org/doi/pdf/10.1145/3548606.3560604 | E37: 2022 | F37: =('Annotated by thesis author'!F37+'Annotated by ChatGPT'!F37)/2 -> 3 | G37: =('Annotated by thesis author'!G37+'Annotated by ChatGPT'!G37)/2 -> 1 | H37: =('Annotated by thesis author'!H37+'Annotated by ChatGPT'!H37)/2 -> 1 | I37: =('Annotated by thesis author'!I37+'Annotated by ChatGPT'!I37)/2 -> 1 | J37: =('Annotated by thesis author'!J37+'Annotated by ChatGPT'!J37)/2 -> 2 | K37: =('Annotated by thesis author'!K37+'Annotated by ChatGPT'!K37)/2 -> 2 | L37: =('Annotated by thesis author'!L37+'Annotated by ChatGPT'!L37)/2 -> 1 | M37: 0
A38: 307 | B38: Gyrophone: Recognizing Speech From Gyroscope Signals | C38: Yan Michalevsky; Dan Boneh; Gabi Nakibly | D38: https://www.usenix.org/system/files/conference/usenixsecurity14/sec14-paper-michalevsky.pdf | E38: 2014 | F38: =('Annotated by thesis author'!F38+'Annotated by ChatGPT'!F38)/2 -> 3 | G38: =('Annotated by thesis author'!G38+'Annotated by ChatGPT'!G38)/2 -> 2 | H38: =('Annotated by thesis author'!H38+'Annotated by ChatGPT'!H38)/2 -> 0 | I38: =('Annotated by thesis author'!I38+'Annotated by ChatGPT'!I38)/2 -> 1 | J38: =('Annotated by thesis author'!J38+'Annotated by ChatGPT'!J38)/2 -> 1 | K38: =('Annotated by thesis author'!K38+'Annotated by ChatGPT'!K38)/2 -> 1 | L38: =('Annotated by thesis author'!L38+'Annotated by ChatGPT'!L38)/2 -> 1 | M38: 0
... A42: 373 | B42: Deep Fingerprinting: Undermining Website Fingerprinting Defenses with Deep Learning | C42: Payap Sirinam; Mohsen Imani; Marc Juarez; Matthew Wright | D42: https://dl.acm.org/doi/pdf/10.1145/3243734.3243768 | E42: 2018 | F42: =('Annotated by thesis author'!F42+'Annotated by ChatGPT'!F42)/2 -> 2 | G42: =('Annotated by thesis author'!G42+'Annotated by ChatGPT'!G42)/2 -> 2 | H42: =('Annotated by thesis author'!H42+'Annotated by ChatGPT'!H42)/2 -> 0 | I42: =('Annotated by thesis author'!I42+'Annotated by ChatGPT'!I42)/2 -> 2 | J42: =('Annotated by thesis author'!J42+'Annotated by ChatGPT'!J42)/2 -> 2 | K42: =('Annotated by thesis author'!K42+'Annotated by ChatGPT'!K42)/2 -> 1 | L42: =('Annotated by thesis author'!L42+'Annotated by ChatGPT'!L42)/2 -> 2 | M42: 0
A43: 650 | B43: Dirty Road Can Attack: Security of Deep Learning based Automated Lane Centering under Physical-World Attack | C43: Takami Sato, Junjie Shen, and Ningfei Wang, Yunhan Jia, Xue Lin, Qi Alfred Chen | D43: https://www.usenix.org/system/files/sec21-sato.pdf | E43: 2021 | F43: 2 | G43: =('Annotated by thesis author'!G43+'Annotated by ChatGPT'!G43)/2 -> 1 | H43: =('Annotated by thesis author'!H43+'Annotated by ChatGPT'!H43)/2 -> 1 | I43: =('Annotated by thesis author'!I43+'Annotated by ChatGPT'!I43)/2 -> 2 | J43: =('Annotated by thesis author'!J43+'Annotated by ChatGPT'!J43)/2 -> 2 | K43: =('Annotated by thesis author'!K43+'Annotated by ChatGPT'!K43)/2 -> 2 | L43: =('Annotated by thesis author'!L43+'Annotated by ChatGPT'!L43)/2 -> 2 | M43: 1
A44: 461 | B44: DeepSteal: Advanced Model Extractions Leveraging Efficient Weight Stealing in Memories | C44: Adnan Siraj Rakin, Md Hafizul Islam Chowdhuryy, Fan Yao, Deliang Fan | D44: https://doi.org/10.1109/SP46214.2022.9833743 | E44: 2022 | F44: =('Annotated by thesis author'!F44+'Annotated by ChatGPT'!F44)/2 -> 3 | G44: =('Annotated by thesis author'!G44+'Annotated by ChatGPT'!G44)/2 -> 0 | H44: =('Annotated by thesis author'!H44+'Annotated by ChatGPT'!H44)/2 -> 0 | I44: =('Annotated by thesis author'!I44+'Annotated by ChatGPT'!I44)/2 -> 2 | J44: =('Annotated by thesis author'!J44+'Annotated by ChatGPT'!J44)/2 -> 1 | K44: 1 | L44: =('Annotated by thesis author'!L44+'Annotated by ChatGPT'!L44)/2 -> 0 | M44: 1
A45: 366 | B45: Secure Outsourced Matrix Computation and Application to Neural Networks | C45: Xiaoqian Jiang; Miran Kim; Kristin Lauter; Yongsoo Song | D45: https://dl.acm.org/doi/pdf/10.1145/3243734.3243837 | E45: 2018 | F45: =('Annotated by thesis author'!F45+'Annotated by ChatGPT'!F45)/2 -> 0 | G45: =('Annotated by thesis author'!G45+'Annotated by ChatGPT'!G45)/2 -> 0 | H45: =('Annotated by thesis author'!H45+'Annotated by ChatGPT'!H45)/2 -> 0 | I45: =('Annotated by thesis author'!I45+'Annotated by ChatGPT'!I45)/2 -> 1 | J45: =('Annotated by thesis author'!J45+'Annotated by ChatGPT'!J45)/2 -> 1 | K45: =('Annotated by thesis author'!K45+'Annotated by ChatGPT'!K45)/2 -> 1 | L45: =('Annotated by thesis author'!L45+'Annotated by ChatGPT'!L45)/2 -> 2 | M45: 0
A46: 324 | B46: Translation Leak-aside Buffer: Defeating Cache Side-channel Protections with TLB Attacks | C46: Ben Gras; Kaveh Razavi; Herbert Bos; Cristiano Giuffrid | D46: https://www.usenix.org/system/files/conference/usenixsecurity18/sec18-gras.pdf | E46: 2018 | F46: =('Annotated by thesis author'!F46+'Annotated by ChatGPT'!F46)/2 -> 0 | G46: =('Annotated by thesis author'!G46+'Annotated by ChatGPT'!G46)/2 -> 0 | H46: =('Annotated by thesis author'!H46+'Annotated by ChatGPT'!H46)/2 -> 0 | I46: =('Annotated by thesis author'!I46+'Annotated by ChatGPT'!I46)/2 -> 1 | J46: =('Annotated by thesis author'!J46+'Annotated by ChatGPT'!J46)/2 -> 1 | K46: =('Annotated by thesis author'!K46+'Annotated by ChatGPT'!K46)/2 -> 2 | L46: =('Annotated by thesis author'!L46+'Annotated by ChatGPT'!L46)/2 -> 0 | M46: 0
A47: 372 | B47: Privacy-Preserving Dynamic Learning of Tor Network Traffic | C47: Rob Jansen; Matthew Traudt; Nicholas Hopper | D47: https://dl.acm.org/doi/pdf/10.1145/3243734.3243815 | E47: 2018 | F47: =('Annotated by thesis author'!F47+'Annotated by ChatGPT'!F47)/2 -> 3 | G47: =('Annotated by thesis author'!G47+'Annotated by ChatGPT'!G47)/2 -> 1 | H47: =('Annotated by thesis author'!H47+'Annotated by ChatGPT'!H47)/2 -> 1 | I47: =('Annotated by thesis author'!I47+'Annotated by ChatGPT'!I47)/2 -> 2 | J47: =('Annotated by thesis author'!J47+'Annotated by ChatGPT'!J47)/2 -> 2 | K47: =('Annotated by thesis author'!K47+'Annotated by ChatGPT'!K47)/2 -> 1 | L47: =('Annotated by thesis author'!L47+'Annotated by ChatGPT'!L47)/2 -> 2 | M47: 1
A48: 545 | B48: FOAP: Fine-Grained Open-World Android App Fingerprinting | C48: Jianfeng Li, Hao Zhou, Shuohan Wu, Xiapu Luo, Ting Wang, Xian Zhan, Xiaobo Ma | D48: https://www.usenix.org/system/files/sec22-li-jianfeng.pdf | E48: 2022 | F48: =('Annotated by thesis author'!F48+'Annotated by ChatGPT'!F48)/2 -> 3 | G48: =('Annotated by thesis author'!G48+'Annotated by ChatGPT'!G48)/2 -> 1 | H48: =('Annotated by thesis author'!H48+'Annotated by ChatGPT'!H48)/2 -> 0 | I48: =('Annotated by thesis author'!I48+'Annotated by ChatGPT'!I48)/2 -> 1 | J48: =('Annotated by thesis author'!J48+'Annotated by ChatGPT'!J48)/2 -> 1 | K48: =('Annotated by thesis author'!K48+'Annotated by ChatGPT'!K48)/2 -> 2 | L48: =('Annotated by thesis author'!L48+'Annotated by ChatGPT'!L48)/2 -> 2 | M48: 0
A49: 726 | B49: Invisible for both Camera and LiDAR: Security of Multi-Sensor Fusion based Perception in Autonomous Driving Under Physical-World Attacks | C49: Yulong Cao, Ningfei Wang, Chaowei Xiao, Dawei Yang, Jin Fang, Ruigang Yang, Qi Alfred Chen, Mingyan Liu, Bo Li | D49: https://ieeexplore.ieee.org/stamp/stamp.jsp?tp=&arnumber=9519442 | E49: 2021 | F49: =('Annotated by thesis author'!F49+'Annotated by ChatGPT'!F49)/2 -> 0 | G49: =('Annotated by thesis author'!G49+'Annotated by ChatGPT'!G49)/2 -> 0 | H49: =('Annotated by thesis author'!H49+'Annotated by ChatGPT'!H49)/2 -> 0 | I49: =('Annotated by thesis author'!I49+'Annotated by ChatGPT'!I49)/2 -> 1 | J49: =('Annotated by thesis author'!J49+'Annotated by ChatGPT'!J49)/2 -> 1 | K49: =('Annotated by thesis author'!K49+'Annotated by ChatGPT'!K49)/2 -> 2 | L49: =('Annotated by thesis author'!L49+'Annotated by ChatGPT'!L49)/2 -> 2 | M49: 0
A50: 331 | B50: When Does Machine Learning FAIL? Generalized Transferability for Evasion and Poisoning Attacks | C50: Octavian Suciu; Radu Marginean; Yigitcan Kaya; Hal Daume III; Tudor Dumitras | D50: https://www.usenix.org/system/files/conference/usenixsecurity18/sec18-suciu.pdf | E50: 2018 | F50: =('Annotated by thesis author'!F50+'Annotated by ChatGPT'!F50)/2 -> 0 | G50: =('Annotated by thesis author'!G50+'Annotated by ChatGPT'!G50)/2 -> 0 | H50: =('Annotated by thesis author'!H50+'Annotated by ChatGPT'!H50)/2 -> 0 | I50: =('Annotated by thesis author'!I50+'Annotated by ChatGPT'!I50)/2 -> 1 | J50: =('Annotated by thesis author'!J50+'Annotated by ChatGPT'!J50)/2 -> 1 | K50: =('Annotated by thesis author'!K50+'Annotated by ChatGPT'!K50)/2 -> 1 | L50: =('Annotated by thesis author'!L50+'Annotated by ChatGPT'!L50)/2 -> 0 | M50: 0
A51: 602 | B51: Reducing Bias in Modeling Real-world Password Strength via Deep Learning and Dynamic Dictionaries | C51: Dario Pasquini, Marco Cianfriglia, Giuseppe Ateniese, Massimo Bernaschi | D51: https://www.usenix.org/system/files/sec21-pasquini.pdf | E51: 2021 | F51: =('Annotated by thesis author'!F51+'Annotated by ChatGPT'!F51)/2 -> 1 | G51: =('Annotated by thesis author'!G51+'Annotated by ChatGPT'!G51)/2 -> 0 | H51: =('Annotated by thesis author'!H51+'Annotated by ChatGPT'!H51)/2 -> 0 | I51: =('Annotated by thesis author'!I51+'Annotated by ChatGPT'!I51)/2 -> 1 | J51: =('Annotated by thesis author'!J51+'Annotated by ChatGPT'!J51)/2 -> 2 | K51: =('Annotated by thesis author'!K51+'Annotated by ChatGPT'!K51)/2 -> 2 | L51: =('Annotated by thesis author'!L51+'Annotated by ChatGPT'!L51)/2 -> 1 | M51: 1
A52: 576 | B52: Piranha: A GPU Platform for Secure Computation | C52: Jean-Luc Watson, Sameer Wagh, and Raluca Ada Popa | D52: https://www.usenix.org/system/files/sec22-watson.pdf | E52: 2022 | F52: 2 | G52: =('Annotated by thesis author'!G52+'Annotated by ChatGPT'!G52)/2 -> 2 | H52: =('Annotated by thesis author'!H52+'Annotated by ChatGPT'!H52)/2 -> 0 | I52: =('Annotated by thesis author'!I52+'Annotated by ChatGPT'!I52)/2 -> 2 | J52: =('Annotated by thesis author'!J52+'Annotated by ChatGPT'!J52)/2 -> 1 | K52: =('Annotated by thesis author'!K52+'Annotated by ChatGPT'!K52)/2 -> 2 | L52: =('Annotated by thesis author'!L52+'Annotated by ChatGPT'!L52)/2 -> 2 | M52: 0
A53: 126 | B53: Estimating g-Leakage via Machine Learning | C53: Marco Romanelli; Konstantinos Chatzikokolakis; Catuscia Palamidessi; Pablo Piantanida | D53: https://dl.acm.org/doi/pdf/10.1145/3372297.3423363 | E53: 2020 | F53: =('Annotated by thesis author'!F53+'Annotated by ChatGPT'!F53)/2 -> 2 | G53: =('Annotated by thesis author'!G53+'Annotated by ChatGPT'!G53)/2 -> 0 | H53: =('Annotated by thesis author'!H53+'Annotated by ChatGPT'!H53)/2 -> 0 | I53: =('Annotated by thesis author'!I53+'Annotated by ChatGPT'!I53)/2 -> 2 | J53: =('Annotated by thesis author'!J53+'Annotated by ChatGPT'!J53)/2 -> 2 | K53: =('Annotated by thesis author'!K53+'Annotated by ChatGPT'!K53)/2 -> 1 | L53: =('Annotated by thesis author'!L53+'Annotated by ChatGPT'!L53)/2 -> 0 | M53: 0
A54: 97 | B54: A Systematic Framework to Generate Invariants for_x000D_ Anomaly Detection in Industrial Control Systems_x000D_ | C54: Cheng Feng, Venkata Reddy Palleti_x000D_ , Aditya Mathur_x000D_ and Deeph Chana | D54: https://www.ndss-symposium.org/wp-content/uploads/2019/02/ndss2019_07A-3_Feng_paper.pdf | E54: 2019 | F54: =('Annotated by thesis author'!F54+'Annotated by ChatGPT'!F54)/2 -> 0 | G54: =('Annotated by thesis author'!G54+'Annotated by ChatGPT'!G54)/2 -> 0 | H54: =('Annotated by thesis author'!H54+'Annotated by ChatGPT'!H54)/2 -> 0 | I54: =('Annotated by thesis author'!I54+'Annotated by ChatGPT'!I54)/2 -> 1 | J54: =('Annotated by thesis author'!J54+'Annotated by ChatGPT'!J54)/2 -> 1 | K54: =('Annotated by thesis author'!K54+'Annotated by ChatGPT'!K54)/2 -> 1 | L54: =('Annotated by thesis author'!L54+'Annotated by ChatGPT'!L54)/2 -> 0 | M54: 0
A55: 607 | B55: SyzVegas: Beating Kernel Fuzzing Odds with Reinforcement Learning | C55: Daimeng Wang, Zheng Zhang, Hang Zhang, Zhiyun Qian, Srikanth V. Krishnamurthy, Nael Abu-Ghazaleh | D55: https://www.usenix.org/conference/usenixsecurity21/presentation/wang-daimeng | E55: 2021 | F55: =('Annotated by thesis author'!F55+'Annotated by ChatGPT'!F55)/2 -> 0 | G55: =('Annotated by thesis author'!G55+'Annotated by ChatGPT'!G55)/2 -> 0 | H55: =('Annotated by thesis author'!H55+'Annotated by ChatGPT'!H55)/2 -> 0 | I55: =('Annotated by thesis author'!I55+'Annotated by ChatGPT'!I55)/2 -> 1 | J55: =('Annotated by thesis author'!J55+'Annotated by ChatGPT'!J55)/2 -> 1 | K55: =('Annotated by thesis author'!K55+'Annotated by ChatGPT'!K55)/2 -> 2 | L55: =('Annotated by thesis author'!L55+'Annotated by ChatGPT'!L55)/2 -> 0 | M55: 0
A56: 469 | B56: Hark: A Deep Learning System for Navigating Privacy Feedback at Scale | C56: Hamza Harkous, Sai Teja Peddinti, Rishabh Khandelwal, Animesh Srivastava, Nina Taft | D56: https://doi.org/10.1109/SP46214.2022.9833729 | E56: 2022 | F56: =('Annotated by thesis author'!F56+'Annotated by ChatGPT'!F56)/2 -> 2 | G56: =('Annotated by thesis author'!G56+'Annotated by ChatGPT'!G56)/2 -> 1 | H56: =('Annotated by thesis author'!H56+'Annotated by ChatGPT'!H56)/2 -> 0 | I56: =('Annotated by thesis author'!I56+'Annotated by ChatGPT'!I56)/2 -> 1 | J56: =('Annotated by thesis author'!J56+'Annotated by ChatGPT'!J56)/2 -> 1 | K56: =('Annotated by thesis author'!K56+'Annotated by ChatGPT'!K56)/2 -> 1 | L56: =('Annotated by thesis author'!L56+'Annotated by ChatGPT'!L56)/2 -> 1 | M56: 0
A57: 107 | B57: VisualPhishNet: Zero-Day Phishing Website Detection by Visual Similarity | C57: Sahar Abdelnabi and Katharina Krombholz and Mario Fritz | D57: https://dl.acm.org/doi/pdf/10.1145/3372297.3417233 | E57: 2020 | F57: =('Annotated by thesis author'!F57+'Annotated by ChatGPT'!F57)/2 -> 3 | G57: =('Annotated by thesis author'!G57+'Annotated by ChatGPT'!G57)/2 -> 1 | H57: =('Annotated by thesis author'!H57+'Annotated by ChatGPT'!H57)/2 -> 0 | I57: =('Annotated by thesis author'!I57+'Annotated by ChatGPT'!I57)/2 -> 2 | J57: =('Annotated by thesis author'!J57+'Annotated by ChatGPT'!J57)/2 -> 2 | K57: =('Annotated by thesis author'!K57+'Annotated by ChatGPT'!K57)/2 -> 2 | L57: =('Annotated by thesis author'!L57+'Annotated by ChatGPT'!L57)/2 -> 2 | M57: 0
A58: 80 | B58: Privacy Risks of Securing Machine Learning Models against Adversarial Examples | C58: Liwei Song, Reza Shokri, Prateek Mittal | D58: https://dl.acm.org/doi/pdf/10.1145/3319535.3354211 | E58: 2019 | F58: 2 | G58: =('Annotated by thesis author'!G58+'Annotated by ChatGPT'!G58)/2 -> 0 | H58: =('Annotated by thesis author'!H58+'Annotated by ChatGPT'!H58)/2 -> 0 | I58: =('Annotated by thesis author'!I58+'Annotated by ChatGPT'!I58)/2 -> 2 | J58: =('Annotated by thesis author'!J58+'Annotated by ChatGPT'!J58)/2 -> 2 | K58: =('Annotated by thesis author'!K58+'Annotated by ChatGPT'!K58)/2 -> 1 | L58: =('Annotated by thesis author'!L58+'Annotated by ChatGPT'!L58)/2 -> 2 | M58: 1
A59: 273 | B59: PICCOLO : Exposing Complex Backdoors in NLP Transformer Models | C59: Yingqi Liu, Guangyu Shen, Guanhong Tao, Shengwei An, Shiqing Ma, Xiangyu Zhang. | D59: https://ieeexplore.ieee.org/abstract/document/9833579 | E59: 2022 | F59: =('Annotated by thesis author'!F59+'Annotated by ChatGPT'!F59)/2 -> 3 | G59: =('Annotated by thesis author'!G59+'Annotated by ChatGPT'!G59)/2 -> 2 | H59: =('Annotated by thesis author'!H59+'Annotated by ChatGPT'!H59)/2 -> 0 | I59: =('Annotated by thesis author'!I59+'Annotated by ChatGPT'!I59)/2 -> 1 | J59: =('Annotated by thesis author'!J59+'Annotated by ChatGPT'!J59)/2 -> 1 | K59: =('Annotated by thesis author'!K59+'Annotated by ChatGPT'!K59)/2 -> 1 | L59: =('Annotated by thesis author'!L59+'Annotated by ChatGPT'!L59)/2 -> 2 | M59: 0
A60: 387 | B60: High Precision Open-World Website Fingerprinting | C60: Tao Wang | D60: https://xplorestaging.ieee.org/ielx7/9144328/9152199/09152806.pdf?arnumber=9152806 | E60: 2020 | F60: =('Annotated by thesis author'!F60+'Annotated by ChatGPT'!F60)/2 -> 3 | G60: =('Annotated by thesis author'!G60+'Annotated by ChatGPT'!G60)/2 -> 0 | H60: =('Annotated by thesis author'!H60+'Annotated by ChatGPT'!H60)/2 -> 0 | I60: =('Annotated by thesis author'!I60+'Annotated by ChatGPT'!I60)/2 -> 2 | J60: =('Annotated by thesis author'!J60+'Annotated by ChatGPT'!J60)/2 -> 2 | K60: =('Annotated by thesis author'!K60+'Annotated by ChatGPT'!K60)/2 -> 2 | L60: =('Annotated by thesis author'!L60+'Annotated by ChatGPT'!L60)/2 -> 0 | M60: 0
A61: 256 | B61: Private and Reliable Neural Network Inference | C61: Nikola JovanoviÄ‡, Marc Fischer, Samuel Steffen, Martin Vechev | D61: https://dl.acm.org/doi/10.1145/3548606.3560709 | E61: 2022 | F61: =('Annotated by thesis author'!F61+'Annotated by ChatGPT'!F61)/2 -> 0 | G61: =('Annotated by thesis author'!G61+'Annotated by ChatGPT'!G61)/2 -> 0 | H61: =('Annotated by thesis author'!H61+'Annotated by ChatGPT'!H61)/2 -> 0 | I61: =('Annotated by thesis author'!I61+'Annotated by ChatGPT'!I61)/2 -> 1 | J61: =('Annotated by thesis author'!J61+'Annotated by ChatGPT'!J61)/2 -> 1 | K61: =('Annotated by thesis author'!K61+'Annotated by ChatGPT'!K61)/2 -> 1 | L61: =('Annotated by thesis author'!L61+'Annotated by ChatGPT'!L61)/2 -> 0 | M61: 0
A62: 271 | B62: WTAGRAPH: Web Tracking and Advertising Detection using Graph Neural Networks | C62: Zhiju Yang, Weiping Pei, Monchu Chen, Chuan Yue | D62: https://ieeexplore.ieee.org/stamp/stamp.jsp?arnumber=9833670 | E62: 2022 | F62: =('Annotated by thesis author'!F62+'Annotated by ChatGPT'!F62)/2 -> 0 | G62: =('Annotated by thesis author'!G62+'Annotated by ChatGPT'!G62)/2 -> 0 | H62: =('Annotated by thesis author'!H62+'Annotated by ChatGPT'!H62)/2 -> 0 | I62: =('Annotated by thesis author'!I62+'Annotated by ChatGPT'!I62)/2 -> 1 | J62: =('Annotated by thesis author'!J62+'Annotated by ChatGPT'!J62)/2 -> 1 | K62: =('Annotated by thesis author'!K62+'Annotated by ChatGPT'!K62)/2 -> 2 | L62: =('Annotated by thesis author'!L62+'Annotated by ChatGPT'!L62)/2 -> 0 | M62: 1
A63: 29 | B63: Towards the Detection of Inconsistencies in Public Security Vulnerability Reports | C63: Ying Dong_x000D_ , Wenbo Guo, Yueqi Chen_x000D_ ,_x000D_ Xinyu Xing, Yuqing Zhang_x000D_ , and Gang Wang | D63: https://www.usenix.org/system/files/sec19-dong.pdf | E63: 2019 | F63: =('Annotated by thesis author'!F63+'Annotated by ChatGPT'!F63)/2 -> 3 | G63: =('Annotated by thesis author'!G63+'Annotated by ChatGPT'!G63)/2 -> 1 | H63: =('Annotated by thesis author'!H63+'Annotated by ChatGPT'!H63)/2 -> 0 | I63: =('Annotated by thesis author'!I63+'Annotated by ChatGPT'!I63)/2 -> 2 | J63: =('Annotated by thesis author'!J63+'Annotated by ChatGPT'!J63)/2 -> 2 | K63: =('Annotated by thesis author'!K63+'Annotated by ChatGPT'!K63)/2 -> 2 | L63: =('Annotated by thesis author'!L63+'Annotated by ChatGPT'!L63)/2 -> 2 | M63: 0
A64: 544 | B64: Automated Side Channel Analysis of Media Software with Manifold Learning | C64: Yuanyuan Yuan, Qi Pang, and Shuai Wang | D64: https://www.usenix.org/system/files/sec22-yuan-yuanyuan.pdf | E64: 2022 | F64: =('Annotated by thesis author'!F64+'Annotated by ChatGPT'!F64)/2 -> 1 | G64: =('Annotated by thesis author'!G64+'Annotated by ChatGPT'!G64)/2 -> 0 | H64: =('Annotated by thesis author'!H64+'Annotated by ChatGPT'!H64)/2 -> 0 | I64: =('Annotated by thesis author'!I64+'Annotated by ChatGPT'!I64)/2 -> 0 | J64: =('Annotated by thesis author'!J64+'Annotated by ChatGPT'!J64)/2 -> 0 | K64: =('Annotated by thesis author'!K64+'Annotated by ChatGPT'!K64)/2 -> 2 | L64: =('Annotated by thesis author'!L64+'Annotated by ChatGPT'!L64)/2 -> 0 | M64: 0
A65: 245 | B65: Neural Nets Can Learn Function Type Signatures From Binaries | C65: Zheng Leong Chua, Shiqi Shen, Prateek Saxena, and Zhenkai Liang | D65: https://www.usenix.org/conference/usenixsecurity17/technical-sessions/presentation/chua | E65: 2017 | F65: =('Annotated by thesis author'!F65+'Annotated by ChatGPT'!F65)/2 -> 1 | G65: =('Annotated by thesis author'!G65+'Annotated by ChatGPT'!G65)/2 -> 1 | H65: =('Annotated by thesis author'!H65+'Annotated by ChatGPT'!H65)/2 -> 0 | I65: =('Annotated by thesis author'!I65+'Annotated by ChatGPT'!I65)/2 -> 2 | J65: =('Annotated by thesis author'!J65+'Annotated by ChatGPT'!J65)/2 -> 2 | K65: =('Annotated by thesis author'!K65+'Annotated by ChatGPT'!K65)/2 -> 2 | L65: =('Annotated by thesis author'!L65+'Annotated by ChatGPT'!L65)/2 -> 0 | M65: 1
A66: 399 | B66: SAVIOR: Securing Autonomous Vehicles with Robust Physical Invariants | C66: Raul Quinonez; Luis Salazar; Erick Bauman; Alvaro Cardenas; Zhiqiang Lin | D66: https://www.usenix.org/system/files/sec20-quinonez.pdf | E66: 2020 | F66: =('Annotated by thesis author'!F66+'Annotated by ChatGPT'!F66)/2 -> 0 | G66: =('Annotated by thesis author'!G66+'Annotated by ChatGPT'!G66)/2 -> 1 | H66: =('Annotated by thesis author'!H66+'Annotated by ChatGPT'!H66)/2 -> 0 | I66: =('Annotated by thesis author'!I66+'Annotated by ChatGPT'!I66)/2 -> 1 | J66: =('Annotated by thesis author'!J66+'Annotated by ChatGPT'!J66)/2 -> 2 | K66: =('Annotated by thesis author'!K66+'Annotated by ChatGPT'!K66)/2 -> 1 | L66: =('Annotated by thesis author'!L66+'Annotated by ChatGPT'!L66)/2 -> 1 | M66: 0
A67: 702 | B67: Unleashing the Tiger: Inference Attacks on Split Learning | C67: Dario Pasquini, Giuseppe Ateniese, Massimo Bernaschi | D67: https://dl.acm.org/doi/pdf/10.1145/3460120.3485259 | E67: 2021 | F67: =('Annotated by thesis author'!F67+'Annotated by ChatGPT'!F67)/2 -> 3 | G67: =('Annotated by thesis author'!G67+'Annotated by ChatGPT'!G67)/2 -> 1 | H67: =('Annotated by thesis author'!H67+'Annotated by ChatGPT'!H67)/2 -> 0 | I67: =('Annotated by thesis author'!I67+'Annotated by ChatGPT'!I67)/2 -> 1 | J67: =('Annotated by thesis author'!J67+'Annotated by ChatGPT'!J67)/2 -> 2 | K67: =('Annotated by thesis author'!K67+'Annotated by ChatGPT'!K67)/2 -> 2 | L67: =('Annotated by thesis author'!L67+'Annotated by ChatGPT'!L67)/2 -> 2 | M67: 1
A68: 322 | B68: Polisis: Automated Analysis and Presentation of Privacy Policies Using Deep Learning | C68: Hamza Harkous; Kassem Fawaz; Remi Lebret; Florian Schaub; Kang G. Shin; Karl Aberer | D68: https://www.usenix.org/system/files/conference/usenixsecurity18/sec18-harkous.pdf | E68: 2018 | F68: =('Annotated by thesis author'!F68+'Annotated by ChatGPT'!F68)/2 -> 0 | G68: =('Annotated by thesis author'!G68+'Annotated by ChatGPT'!G68)/2 -> 0 | H68: =('Annotated by thesis author'!H68+'Annotated by ChatGPT'!H68)/2 -> 0 | I68: =('Annotated by thesis author'!I68+'Annotated by ChatGPT'!I68)/2 -> 1 | J68: =('Annotated by thesis author'!J68+'Annotated by ChatGPT'!J68)/2 -> 1 | K68: =('Annotated by thesis author'!K68+'Annotated by ChatGPT'!K68)/2 -> 1 | L68: =('Annotated by thesis author'!L68+'Annotated by ChatGPT'!L68)/2 -> 0 | M68: 0
A69: 263 | B69: Membership Inference Attacks and Generalization: A Causal Perspective | C69: Teodora Baluta, Shiqi Shen, S. Hitarth, Shruti Tople, Prateek Saxena | D69: https://dl.acm.org/doi/10.1145/3548606.3560694 | E69: 2022 | F69: =('Annotated by thesis author'!F69+'Annotated by ChatGPT'!F69)/2 -> 3 | G69: =('Annotated by thesis author'!G69+'Annotated by ChatGPT'!G69)/2 -> 1 | H69: =('Annotated by thesis author'!H69+'Annotated by ChatGPT'!H69)/2 -> 0 | I69: =('Annotated by thesis author'!I69+'Annotated by ChatGPT'!I69)/2 -> 2 | J69: =('Annotated by thesis author'!J69+'Annotated by ChatGPT'!J69)/2 -> 2 | K69: =('Annotated by thesis author'!K69+'Annotated by ChatGPT'!K69)/2 -> 1 | L69: =('Annotated by thesis author'!L69+'Annotated by ChatGPT'!L69)/2 -> 2 | M69: 1
A70: 431 | B70: Towards Making Systems Forget with Machine Unlearning | C70: Yinzhi Cao, Junfeng Yang | D70: https://doi.org/10.1109/SP.2015.35 | E70: 2015 | F70: =('Annotated by thesis author'!F70+'Annotated by ChatGPT'!F70)/2 -> 0 | G70: =('Annotated by thesis author'!G70+'Annotated by ChatGPT'!G70)/2 -> 0 | H70: =('Annotated by thesis author'!H70+'Annotated by ChatGPT'!H70)/2 -> 0 | I70: =('Annotated by thesis author'!I70+'Annotated by ChatGPT'!I70)/2 -> 0 | J70: =('Annotated by thesis author'!J70+'Annotated by ChatGPT'!J70)/2 -> 1 | K70: =('Annotated by thesis author'!K70+'Annotated by ChatGPT'!K70)/2 -> 1 | L70: =('Annotated by thesis author'!L70+'Annotated by ChatGPT'!L70)/2 -> 0 | M70: 0
... A78: 418 | B78: FuzzGuard: Filtering out Unreachable Inputs in Directed Grey-box Fuzzing through Deep Learning | C78: Peiyuan Zong; Tao Lv; Dawei Wang; Zizhuang Deng; Ruigang Liang; Kai Chen | D78: https://www.usenix.org/system/files/sec20-zong.pdf | E78: 2020 | F78: =('Annotated by thesis author'!F78+'Annotated by ChatGPT'!F78)/2 -> 3 | G78: =('Annotated by thesis author'!G78+'Annotated by ChatGPT'!G78)/2 -> 1 | H78: =('Annotated by thesis author'!H78+'Annotated by ChatGPT'!H78)/2 -> 0 | I78: =('Annotated by thesis author'!I78+'Annotated by ChatGPT'!I78)/2 -> 1 | J78: =('Annotated by thesis author'!J78+'Annotated by ChatGPT'!J78)/2 -> 1 | K78: =('Annotated by thesis author'!K78+'Annotated by ChatGPT'!K78)/2 -> 1 | L78: =('Annotated by thesis author'!L78+'Annotated by ChatGPT'!L78)/2 -> 2 | M78: 0
A79: 565 | B79: Membership Inference Attacks From First Principles | C79: Nicholas Carlini, Steve Chien, Milad Nasr, Shuang Song, Andreas Terzis, Florian TramâˆšÂ®r | D79: https://doi.org/10.1109/SP46214.2022.9833649 | E79: 2022 | F79: =('Annotated by thesis author'!F79+'Annotated by ChatGPT'!F79)/2 -> 0 | G79: =('Annotated by thesis author'!G79+'Annotated by ChatGPT'!G79)/2 -> 0 | H79: =('Annotated by thesis author'!H79+'Annotated by ChatGPT'!H79)/2 -> 0 | I79: =('Annotated by thesis author'!I79+'Annotated by ChatGPT'!I79)/2 -> 0 | J79: =('Annotated by thesis author'!J79+'Annotated by ChatGPT'!J79)/2 -> 0 | K79: 1 | L79: =('Annotated by thesis author'!L79+'Annotated by ChatGPT'!L79)/2 -> 0 | M79: 0
A80: 212 | B80: Chunk-Level Password Guessing: Towards Modeling Refined Password Composition Representations | C80: Ming Xu, Chuanwang Wang, Jitao Yu, Junjie Zhang, Kai Zhang, Weili Han | D80: https://dl.acm.org/doi/pdf/10.1145/3460120.3484743 | E80: 2021 | F80: =('Annotated by thesis author'!F80+'Annotated by ChatGPT'!F80)/2 -> 0 | G80: =('Annotated by thesis author'!G80+'Annotated by ChatGPT'!G80)/2 -> 0 | H80: =('Annotated by thesis author'!H80+'Annotated by ChatGPT'!H80)/2 -> 0 | I80: =('Annotated by thesis author'!I80+'Annotated by ChatGPT'!I80)/2 -> 1 | J80: =('Annotated by thesis author'!J80+'Annotated by ChatGPT'!J80)/2 -> 1 | K80: =('Annotated by thesis author'!K80+'Annotated by ChatGPT'!K80)/2 -> 2 | L80: =('Annotated by thesis author'!L80+'Annotated by ChatGPT'!L80)/2 -> 0 | M80: 0
A81: 717 | B81: PalmTree: Learning an Assembly Language Model for Instruction Embedding | C81: Xuezixiang Li, Yu Qu, Heng Yin | D81: https://dl.acm.org/doi/pdf/10.1145/3460120.3484587 | E81: 2021 | F81: =('Annotated by thesis author'!F81+'Annotated by ChatGPT'!F81)/2 -> 3 | G81: =('Annotated by thesis author'!G81+'Annotated by ChatGPT'!G81)/2 -> 2 | H81: =('Annotated by thesis author'!H81+'Annotated by ChatGPT'!H81)/2 -> 1 | I81: =('Annotated by thesis author'!I81+'Annotated by ChatGPT'!I81)/2 -> 2 | J81: =('Annotated by thesis author'!J81+'Annotated by ChatGPT'!J81)/2 -> 2 | K81: =('Annotated by thesis author'!K81+'Annotated by ChatGPT'!K81)/2 -> 2 | L81: =('Annotated by thesis author'!L81+'Annotated by ChatGPT'!L81)/2 -> 2 | M81: 0
A82: 622 | B82: Blind Backdoors in Deep Learning Models | C82: Eugene Bagdasaryan, Vitaly Shmatikov | D82: https://www.usenix.org/system/files/sec21-bagdasaryan.pdf | E82: 2021 | F82: =('Annotated by thesis author'!F82+'Annotated by ChatGPT'!F82)/2 -> 0 | G82: =('Annotated by thesis author'!G82+'Annotated by ChatGPT'!G82)/2 -> 2 | H82: =('Annotated by thesis author'!H82+'Annotated by ChatGPT'!H82)/2 -> 0 | I82: =('Annotated by thesis author'!I82+'Annotated by ChatGPT'!I82)/2 -> 1 | J82: =('Annotated by thesis author'!J82+'Annotated by ChatGPT'!J82)/2 -> 1 | K82: =('Annotated by thesis author'!K82+'Annotated by ChatGPT'!K82)/2 -> 1 | L82: =('Annotated by thesis author'!L82+'Annotated by ChatGPT'!L82)/2 -> 1 | M82: 0
A83: 310 | B83: A Machine-learning Approach for Classifying and Categorizing Android Sources and Sinks | C83: Eric Bodden; Siegfried Rasthofer; Steven Arzt | D83: https://www.ndss-symposium.org/wp-content/uploads/2017/09/10_1_1.pdf | E83: 2014 | F83: =('Annotated by thesis author'!F83+'Annotated by ChatGPT'!F83)/2 -> 3 | G83: =('Annotated by thesis author'!G83+'Annotated by ChatGPT'!G83)/2 -> 2 | H83: =('Annotated by thesis author'!H83+'Annotated by ChatGPT'!H83)/2 -> 0 | I83: =('Annotated by thesis author'!I83+'Annotated by ChatGPT'!I83)/2 -> 2 | J83: =('Annotated by thesis author'!J83+'Annotated by ChatGPT'!J83)/2 -> 2 | K83: =('Annotated by thesis author'!K83+'Annotated by ChatGPT'!K83)/2 -> 2 | L83: =('Annotated by thesis author'!L83+'Annotated by ChatGPT'!L83)/2 -> 2 | M83: 0
A84: 133 | B84: CloudLeak: Large-Scale Deep Learning Models Stealing Through Adversarial Examples | C84: Honggang Yu, Kaichen Yang, Teng Zhang, Yun-Yun Tsai, Tsung-Yi Ho, Yier Jin | D84: https://www.ndss-symposium.org/wp-content/uploads/2020/02/24178-paper.pdf | E84: 2020 | F84: =('Annotated by thesis author'!F84+'Annotated by ChatGPT'!F84)/2 -> 0 | G84: =('Annotated by thesis author'!G84+'Annotated by ChatGPT'!G84)/2 -> 0 | H84: =('Annotated by thesis author'!H84+'Annotated by ChatGPT'!H84)/2 -> 0 | I84: =('Annotated by thesis author'!I84+'Annotated by ChatGPT'!I84)/2 -> 1 | J84: =('Annotated by thesis author'!J84+'Annotated by ChatGPT'!J84)/2 -> 1 | K84: =('Annotated by thesis author'!K84+'Annotated by ChatGPT'!K84)/2 -> 1 | L84: =('Annotated by thesis author'!L84+'Annotated by ChatGPT'!L84)/2 -> 0 | M84: 0
A85: 521 | B85: Lumos: Identifying and Localizing Diverse Hidden IoT Devices in an Unfamiliar Environment | C85: Rahul Anand Sharma, Elahe Soltanaghaei, Anthony Rowe, Vyas Sekar | D85: https://www.usenix.org/system/files/sec22-sharma-rahul.pdf | E85: 2022 | F85: =('Annotated by thesis author'!F85+'Annotated by ChatGPT'!F85)/2 -> 0 | G85: =('Annotated by thesis author'!G85+'Annotated by ChatGPT'!G85)/2 -> 0 | H85: =('Annotated by thesis author'!H85+'Annotated by ChatGPT'!H85)/2 -> 0 | I85: =('Annotated by thesis author'!I85+'Annotated by ChatGPT'!I85)/2 -> 1 | J85: =('Annotated by thesis author'!J85+'Annotated by ChatGPT'!J85)/2 -> 1 | K85: =('Annotated by thesis author'!K85+'Annotated by ChatGPT'!K85)/2 -> 2 | L85: =('Annotated by thesis author'!L85+'Annotated by ChatGPT'!L85)/2 -> 0 | M85: 0
A86: 316 | B86: AutoCog: Measuring the Description-to-permission Fidelity in Android Applications | C86: Zhengyang Qu; Vaibhav Rastogi; Xinyi Zhang; Yan Chen; Tiantian Zhu; Zhong Chen | D86: https://dl.acm.org/doi/pdf/10.1145/2660267.2660287?casa_token=WJ1BUxZAuxAAAAAA:Mc7SgVHQmJ9xI6RxFrBZqmKuxVMpqBMoSu5dmeSrfIvFBbB4AGEq9NILyovEPxuZ7XfBdvE1JfLO | E86: 2014 | F86: =('Annotated by thesis author'!F86+'Annotated by ChatGPT'!F86)/2 -> 0 | G86: =('Annotated by thesis author'!G86+'Annotated by ChatGPT'!G86)/2 -> 0 | H86: =('Annotated by thesis author'!H86+'Annotated by ChatGPT'!H86)/2 -> 0 | I86: =('Annotated by thesis author'!I86+'Annotated by ChatGPT'!I86)/2 -> 1 | J86: =('Annotated by thesis author'!J86+'Annotated by ChatGPT'!J86)/2 -> 1 | K86: =('Annotated by thesis author'!K86+'Annotated by ChatGPT'!K86)/2 -> 2 | L86: =('Annotated by thesis author'!L86+'Annotated by ChatGPT'!L86)/2 -> 0 | M86: 0
A87: 491 | B87: The Closer You Look, The More You Learn: A Grey-box Approach to Protocol State Machine Learning | C87: Chris McMahon Stone, Sam L. Thomas, Mathy Vanhoef, James Henderson, Nicolas Bailluet, Tom Chothia | D87: https://doi.org/10.1145/3548606.3559365 | E87: 2022 | F87: =('Annotated by thesis author'!F87+'Annotated by ChatGPT'!F87)/2 -> 3 | G87: =('Annotated by thesis author'!G87+'Annotated by ChatGPT'!G87)/2 -> 0 | H87: =('Annotated by thesis author'!H87+'Annotated by ChatGPT'!H87)/2 -> 0 | I87: =('Annotated by thesis author'!I87+'Annotated by ChatGPT'!I87)/2 -> 0 | J87: =('Annotated by thesis author'!J87+'Annotated by ChatGPT'!J87)/2 -> 0 | K87: =('Annotated by thesis author'!K87+'Annotated by ChatGPT'!K87)/2 -> 1 | L87: =('Annotated by thesis author'!L87+'Annotated by ChatGPT'!L87)/2 -> 2 | M87: 0
A88: 101 | B88: NIC: Detecting Adversarial Samples with Neural Network Invariant Checking | C88: Shiqing Ma, Yingqi Liu, Guanhong Tao, Wen-Chuan Lee, and Xiangyu Zhang | D88: https://www.ndss-symposium.org/wp-content/uploads/2019/02/ndss2019_03A-4_Ma_paper.pdf | E88: 2019 | F88: =('Annotated by thesis author'!F88+'Annotated by ChatGPT'!F88)/2 -> 2 | G88: =('Annotated by thesis author'!G88+'Annotated by ChatGPT'!G88)/2 -> 0 | H88: =('Annotated by thesis author'!H88+'Annotated by ChatGPT'!H88)/2 -> 0 | I88: =('Annotated by thesis author'!I88+'Annotated by ChatGPT'!I88)/2 -> 1 | J88: =('Annotated by thesis author'!J88+'Annotated by ChatGPT'!J88)/2 -> 1 | K88: =('Annotated by thesis author'!K88+'Annotated by ChatGPT'!K88)/2 -> 2 | L88: =('Annotated by thesis author'!L88+'Annotated by ChatGPT'!L88)/2 -> 0 | M88: 0
A89: 557 | B89: DeepPhish: Understanding User Trust Towards Artificially Generated Profiles in Online Social Networks | C89: Jaron Mink, Licheng Luo, NatÃ£ M. Barbosa, Olivia Figueira, Yang Wang, Gang Wang | D89: https://www.usenix.org/system/files/sec22-mink.pdf | E89: 2022 | F89: =('Annotated by thesis author'!F89+'Annotated by ChatGPT'!F89)/2 -> 2 | G89: =('Annotated by thesis author'!G89+'Annotated by ChatGPT'!G89)/2 -> 0 | H89: =('Annotated by thesis author'!H89+'Annotated by ChatGPT'!H89)/2 -> 0 | I89: =('Annotated by thesis author'!I89+'Annotated by ChatGPT'!I89)/2 -> 1 | J89: =('Annotated by thesis author'!J89+'Annotated by ChatGPT'!J89)/2 -> 1 | K89: =('Annotated by thesis author'!K89+'Annotated by ChatGPT'!K89)/2 -> 2 | L89: =('Annotated by thesis author'!L89+'Annotated by ChatGPT'!L89)/2 -> 0 | M89: 0
A90: 456 | B90: Binoculars: Contention-Based Side-Channel Attacks Exploiting the Page Walker | C90: Zirui Neil Zhao, Adam Morrison, Christopher W. Fletcher and Josep Torrellas | D90: https://www.usenix.org/system/files/sec22-zhao-zirui.pdf | E90: 2022 | F90: =('Annotated by thesis author'!F90+'Annotated by ChatGPT'!F90)/2 -> 0 | G90: =('Annotated by thesis author'!G90+'Annotated by ChatGPT'!G90)/2 -> 0 | H90: =('Annotated by thesis author'!H90+'Annotated by ChatGPT'!H90)/2 -> 0 | I90: =('Annotated by thesis author'!I90+'Annotated by ChatGPT'!I90)/2 -> 0 | J90: =('Annotated by thesis author'!J90+'Annotated by ChatGPT'!J90)/2 -> 0 | K90: =('Annotated by thesis author'!K90+'Annotated by ChatGPT'!K90)/2 -> 1 | L90: =('Annotated by thesis author'!L90+'Annotated by ChatGPT'!L90)/2 -> 0 | M90: 1
A91: 484 | B91: SHADEWATCHER: Recommendation-guided Cyber Threat Analysis using System Audit Records | C91: Jun Zeng, Xiang Wang, Jiahao Liu, Yinfang Chen, Zhenkai Liang, Tat-Seng Chua, Zheng Leong Chua | D91: https://doi.org/10.1109/SP46214.2022.9833669 | E91: 2022 | F91: =('Annotated by thesis author'!F91+'Annotated by ChatGPT'!F91)/2 -> 0 | G91: =('Annotated by thesis author'!G91+'Annotated by ChatGPT'!G91)/2 -> 0 | H91: =('Annotated by thesis author'!H91+'Annotated by ChatGPT'!H91)/2 -> 0 | I91: =('Annotated by thesis author'!I91+'Annotated by ChatGPT'!I91)/2 -> 2 | J91: =('Annotated by thesis author'!J91+'Annotated by ChatGPT'!J91)/2 -> 2 | K91: =('Annotated by thesis author'!K91+'Annotated by ChatGPT'!K91)/2 -> 1 | L91: =('Annotated by thesis author'!L91+'Annotated by ChatGPT'!L91)/2 -> 2 | M91: 0
... A105: 468 | B105: Goshawk: Hunting Memory Corruptions via Structure-Aware and Object-Centric Memory Operation Synopsis | C105: Yunlong Lyu, Yi Fang, Yiwei Zhang, Qibin Sun, Siqi Ma, Elisa Bertino, Kangjie Lu, Juanru Li | D105: https://doi.org/10.1109/SP46214.2022.9833613 | E105: 2022 | F105: =('Annotated by thesis author'!F105+'Annotated by ChatGPT'!F105)/2 -> 0 | G105: =('Annotated by thesis author'!G105+'Annotated by ChatGPT'!G105)/2 -> 2 | H105: =('Annotated by thesis author'!H105+'Annotated by ChatGPT'!H105)/2 -> 1 | I105: =('Annotated by thesis author'!I105+'Annotated by ChatGPT'!I105)/2 -> 0 | J105: =('Annotated by thesis author'!J105+'Annotated by ChatGPT'!J105)/2 -> 1 | K105: =('Annotated by thesis author'!K105+'Annotated by ChatGPT'!K105)/2 -> 2 | L105: =('Annotated by thesis author'!L105+'Annotated by ChatGPT'!L105)/2 -> 2 | M105: 1
A106: 118 | B106: Poking a Hole in the Wall: E!icient Censorship-Resistant_x000D_ Internet Communications by Parasitizing on WebRTC | C106: Diogo Barradas, Nuno Santos, LuÃ­s Rodrigues, VÃ­tor Nunes | D106: https://dl.acm.org/doi/pdf/10.1145/3372297.3417874 | E106: 2020 | F106: =('Annotated by thesis author'!F106+'Annotated by ChatGPT'!F106)/2 -> 0 | G106: =('Annotated by thesis author'!G106+'Annotated by ChatGPT'!G106)/2 -> 0 | H106: =('Annotated by thesis author'!H106+'Annotated by ChatGPT'!H106)/2 -> 0 | I106: =('Annotated by thesis author'!I106+'Annotated by ChatGPT'!I106)/2 -> 0 | J106: =('Annotated by thesis author'!J106+'Annotated by ChatGPT'!J106)/2 -> 0 | K106: 1 | L106: =('Annotated by thesis author'!L106+'Annotated by ChatGPT'!L106)/2 -> 0 | M106: 0
A107: 60 | B107: AdVersarial: Perceptual Ad Blocking meets Adversarial Machine Learning | C107: Florian TramÃ¨r, Pascal DuprÃ©, Gili Rusak, Giancarlo Pellegrino, Dan Boneh | D107: https://dl.acm.org/doi/pdf/10.1145/3319535.3354222 | E107: 2019 | F107: =('Annotated by thesis author'!F107+'Annotated by ChatGPT'!F107)/2 -> 3 | G107: =('Annotated by thesis author'!G107+'Annotated by ChatGPT'!G107)/2 -> 2 | H107: =('Annotated by thesis author'!H107+'Annotated by ChatGPT'!H107)/2 -> 1 | I107: =('Annotated by thesis author'!I107+'Annotated by ChatGPT'!I107)/2 -> 1 | J107: =('Annotated by thesis author'!J107+'Annotated by ChatGPT'!J107)/2 -> 1 | K107: =('Annotated by thesis author'!K107+'Annotated by ChatGPT'!K107)/2 -> 1 | L107: =('Annotated by thesis author'!L107+'Annotated by ChatGPT'!L107)/2 -> 2 | M107: 0
A108: 724 | B108: Machine Unlearning | C108: Lucas Bourtoule, Varun Chandrasekaran, Christopher A. Choquette-Choo, Hengrui Jia, Adelin Travers, Baiwu Zhang, David Lie, Nicolas Papernot | D108: https://ieeexplore.ieee.org/stamp/stamp.jsp?tp=&arnumber=9519428 | E108: 2021 | F108: =('Annotated by thesis author'!F108+'Annotated by ChatGPT'!F108)/2 -> 0 | G108: =('Annotated by thesis author'!G108+'Annotated by ChatGPT'!G108)/2 -> 1 | H108: =('Annotated by thesis author'!H108+'Annotated by ChatGPT'!H108)/2 -> 1 | I108: =('Annotated by thesis author'!I108+'Annotated by ChatGPT'!I108)/2 -> 1 | J108: =('Annotated by thesis author'!J108+'Annotated by ChatGPT'!J108)/2 -> 1 | K108: =('Annotated by thesis author'!K108+'Annotated by ChatGPT'!K108)/2 -> 1 | L108: =('Annotated by thesis author'!L108+'Annotated by ChatGPT'!L108)/2 -> 2 | M108: 0
A109: 613 | B109: Phishpedia: A Hybrid Deep Learning Based Approach to Visually Identify Phishing Webpages | C109: Yun Lin, Ruofan Liu, Dinil Mon Divakaran, Jun Yang Ng, Qing Zhou Chan, Yiwen Lu, Yuxuan Si, Fan Zhang, Jin Song Dong | D109: https://www.usenix.org/conference/usenixsecurity21/presentation/lin | E109: 2021 | F109: =('Annotated by thesis author'!F109+'Annotated by ChatGPT'!F109)/2 -> 3 | G109: =('Annotated by thesis author'!G109+'Annotated by ChatGPT'!G109)/2 -> 1 | H109: =('Annotated by thesis author'!H109+'Annotated by ChatGPT'!H109)/2 -> 1 | I109: =('Annotated by thesis author'!I109+'Annotated by ChatGPT'!I109)/2 -> 1 | J109: =('Annotated by thesis author'!J109+'Annotated by ChatGPT'!J109)/2 -> 2 | K109: =('Annotated by thesis author'!K109+'Annotated by ChatGPT'!K109)/2 -> 1 | L109: =('Annotated by thesis author'!L109+'Annotated by ChatGPT'!L109)/2 -> 0 | M109: 1
A110: 34 | B110: Beyond Credential Stuffing: Password Similarity Models using Neural Networks | C110: Bijeeta Pal, Tal Daniel, Rahul Chatterjee, Thomas Ristenpart | D110: https://ieeexplore.ieee.org/stamp/stamp.jsp?arnumber=8835247 | E110: 2019 | F110: =('Annotated by thesis author'!F110+'Annotated by ChatGPT'!F110)/2 -> 0 | G110: =('Annotated by thesis author'!G110+'Annotated by ChatGPT'!G110)/2 -> 0 | H110: =('Annotated by thesis author'!H110+'Annotated by ChatGPT'!H110)/2 -> 0 | I110: =('Annotated by thesis author'!I110+'Annotated by ChatGPT'!I110)/2 -> 1 | J110: =('Annotated by thesis author'!J110+'Annotated by ChatGPT'!J110)/2 -> 1 | K110: =('Annotated by thesis author'!K110+'Annotated by ChatGPT'!K110)/2 -> 2 | L110: =('Annotated by thesis author'!L110+'Annotated by ChatGPT'!L110)/2 -> 0 | M110: 0
A111: 103 | B111: Life after Speech Recognition:_x000D_ Fuzzing Semantic Misinterpretation for Voice_x000D_ Assistant Applications | C111: Yangyong Zhang, Lei Xu, Abner Mendoza, Guangliang Yang, Phakpoom Chinprutthiwong, Guofei Gu | D111: https://people.engr.tamu.edu/guofei/paper/LipFuzzer-NDSS19.pdf | E111: 2019 | F111: =('Annotated by thesis author'!F111+'Annotated by ChatGPT'!F111)/2 -> 2 | G111: =('Annotated by thesis author'!G111+'Annotated by ChatGPT'!G111)/2 -> 0 | H111: =('Annotated by thesis author'!H111+'Annotated by ChatGPT'!H111)/2 -> 0 | I111: =('Annotated by thesis author'!I111+'Annotated by ChatGPT'!I111)/2 -> 1 | J111: =('Annotated by thesis author'!J111+'Annotated by ChatGPT'!J111)/2 -> 1 | K111: =('Annotated by thesis author'!K111+'Annotated by ChatGPT'!K111)/2 -> 2 | L111: =('Annotated by thesis author'!L111+'Annotated by ChatGPT'!L111)/2 -> 1 | M111: 0
A112: 693 | B112: Membership Leakage in Label-Only Exposures | C112: Zheng Li and Yang Zhang | D112: https://dl.acm.org/doi/pdf/10.1145/3460120.3484575 | E112: 2021 | F112: =('Annotated by thesis author'!F112+'Annotated by ChatGPT'!F112)/2 -> 0 | G112: =('Annotated by thesis author'!G112+'Annotated by ChatGPT'!G112)/2 -> 0 | H112: =('Annotated by thesis author'!H112+'Annotated by ChatGPT'!H112)/2 -> 0 | I112: =('Annotated by thesis author'!I112+'Annotated by ChatGPT'!I112)/2 -> 2 | J112: =('Annotated by thesis author'!J112+'Annotated by ChatGPT'!J112)/2 -> 2 | K112: =('Annotated by thesis author'!K112+'Annotated by ChatGPT'!K112)/2 -> 2 | L112: =('Annotated by thesis author'!L112+'Annotated by ChatGPT'!L112)/2 -> 2 | M112: 0
A113: 719 | B113: COINN: Crypto/ML Codesign for Oblivious Inference via Neural Networks | C113: Siam Umar Hussain, Mojan Javaheripi, Mohammad Samragh, Farinaz Koushanfar | D113: https://dl.acm.org/doi/pdf/10.1145/3460120.3484797 | E113: 2021 | F113: =('Annotated by thesis author'!F113+'Annotated by ChatGPT'!F113)/2 -> 1 | G113: =('Annotated by thesis author'!G113+'Annotated by ChatGPT'!G113)/2 -> 0 | H113: =('Annotated by thesis author'!H113+'Annotated by ChatGPT'!H113)/2 -> 0 | I113: =('Annotated by thesis author'!I113+'Annotated by ChatGPT'!I113)/2 -> 1 | J113: =('Annotated by thesis author'!J113+'Annotated by ChatGPT'!J113)/2 -> 1 | K113: =('Annotated by thesis author'!K113+'Annotated by ChatGPT'!K113)/2 -> 2 | L113: =('Annotated by thesis author'!L113+'Annotated by ChatGPT'!L113)/2 -> 2 | M113: 0
A114: 567 | B114: Who Are You (I Really Wanna Know)? Detecting Audio DeepFakes Through Vocal Tract Reconstruction | C114: Logan Blue, Kevin Warren, Hadi Abdullah, Cassidy Gibson, Luis Vargas, Jessica Oâ€™Dell, Kevin Butler, and Patrick Traynor | D114: https://www.usenix.org/system/files/sec22-blue.pdf | E114: 2022 | F114: =('Annotated by thesis author'!F114+'Annotated by ChatGPT'!F114)/2 -> 1 | G114: =('Annotated by thesis author'!G114+'Annotated by ChatGPT'!G114)/2 -> 0 | H114: =('Annotated by thesis author'!H114+'Annotated by ChatGPT'!H114)/2 -> 0 | I114: =('Annotated by thesis author'!I114+'Annotated by ChatGPT'!I114)/2 -> 1 | J114: =('Annotated by thesis author'!J114+'Annotated by ChatGPT'!J114)/2 -> 1 | K114: =('Annotated by thesis author'!K114+'Annotated by ChatGPT'!K114)/2 -> 1 | L114: =('Annotated by thesis author'!L114+'Annotated by ChatGPT'!L114)/2 -> 2 | M114: 0
A115: 23 | B115: Seeing through Network-Protocol Obfuscation | C115: Liang Wang, Kevin P. Dyer, Aditya Akella, Thomas Ristenpart, Thomas Shrimpton | D115: https://dl.acm.org/doi/pdf/10.1145/2810103.2813715 | E115: 2015 | F115: =('Annotated by thesis author'!F115+'Annotated by ChatGPT'!F115)/2 -> 1 | G115: =('Annotated by thesis author'!G115+'Annotated by ChatGPT'!G115)/2 -> 0 | H115: =('Annotated by thesis author'!H115+'Annotated by ChatGPT'!H115)/2 -> 0 | I115: =('Annotated by thesis author'!I115+'Annotated by ChatGPT'!I115)/2 -> 1 | J115: =('Annotated by thesis author'!J115+'Annotated by ChatGPT'!J115)/2 -> 1 | K115: =('Annotated by thesis author'!K115+'Annotated by ChatGPT'!K115)/2 -> 2 | L115: =('Annotated by thesis author'!L115+'Annotated by ChatGPT'!L115)/2 -> 1 | M115: 0
A116: 117 | B116: CrypTFlow2: Practical 2-Party Secure Inference | C116: Deevashwer Rathe; Mayank Rathee; Nishant Kumar; Nishanth Chandran; Divya Gupta; Aseem Rastogi; Rahul Sharma | D116: https://dl.acm.org/doi/pdf/10.1145/3372297.3417274 | E116: 2020 | F116: =('Annotated by thesis author'!F116+'Annotated by ChatGPT'!F116)/2 -> 0 | G116: =('Annotated by thesis author'!G116+'Annotated by ChatGPT'!G116)/2 -> 0 | H116: =('Annotated by thesis author'!H116+'Annotated by ChatGPT'!H116)/2 -> 0 | I116: =('Annotated by thesis author'!I116+'Annotated by ChatGPT'!I116)/2 -> 1 | J116: =('Annotated by thesis author'!J116+'Annotated by ChatGPT'!J116)/2 -> 1 | K116: =('Annotated by thesis author'!K116+'Annotated by ChatGPT'!K116)/2 -> 2 | L116: =('Annotated by thesis author'!L116+'Annotated by ChatGPT'!L116)/2 -> 2 | M116: 0
A117: 708 | B117: Consistency Analysis of Data-Usage Purposes in Mobile Apps | C117: Duc Bui, Yuan Yo, Kang G. Shin, Jong-Min Choi, Junbum Shin | D117: https://dl.acm.org/doi/pdf/10.1145/3460120.3484536 | E117: 2021 | F117: =('Annotated by thesis author'!F117+'Annotated by ChatGPT'!F117)/2 -> 0 | G117: =('Annotated by thesis author'!G117+'Annotated by ChatGPT'!G117)/2 -> 0 | H117: =('Annotated by thesis author'!H117+'Annotated by ChatGPT'!H117)/2 -> 0 | I117: =('Annotated by thesis author'!I117+'Annotated by ChatGPT'!I117)/2 -> 2 | J117: =('Annotated by thesis author'!J117+'Annotated by ChatGPT'!J117)/2 -> 2 | K117: =('Annotated by thesis author'!K117+'Annotated by ChatGPT'!K117)/2 -> 2 | L117: =('Annotated by thesis author'!L117+'Annotated by ChatGPT'!L117)/2 -> 2 | M117: 0
A118: 584 | B118: HARPO: Learning to Subvert Online Behavioral Advertising | C118: Jiang Zhang, Konstantinos Psounis, Muhammad Haroon, Zubair Shafiq | D118: https://www.ndss-symposium.org/wp-content/uploads/2022-62-paper.pdf | E118: 2022 | F118: =('Annotated by thesis author'!F118+'Annotated by ChatGPT'!F118)/2 -> 1 | G118: =('Annotated by thesis author'!G118+'Annotated by ChatGPT'!G118)/2 -> 0 | H118: =('Annotated by thesis author'!H118+'Annotated by ChatGPT'!H118)/2 -> 0 | I118: =('Annotated by thesis author'!I118+'Annotated by ChatGPT'!I118)/2 -> 2 | J118: =('Annotated by thesis author'!J118+'Annotated by ChatGPT'!J118)/2 -> 2 | K118: =('Annotated by thesis author'!K118+'Annotated by ChatGPT'!K118)/2 -> 2 | L118: =('Annotated by thesis author'!L118+'Annotated by ChatGPT'!L118)/2 -> 0 | M118: 0
... A125: 588 | B125: EULER: Detecting Network Lateral Movement via Scalable Temporal Link Prediction | C125: Isaiah J. King, H. Howie Huang | D125: https://www.ndss-symposium.org/wp-content/uploads/2022-107A-paper.pdf | E125: 2022 | F125: =('Annotated by thesis author'!F125+'Annotated by ChatGPT'!F125)/2 -> 0 | G125: =('Annotated by thesis author'!G125+'Annotated by ChatGPT'!G125)/2 -> 0 | H125: =('Annotated by thesis author'!H125+'Annotated by ChatGPT'!H125)/2 -> 0 | I125: =('Annotated by thesis author'!I125+'Annotated by ChatGPT'!I125)/2 -> 2 | J125: =('Annotated by thesis author'!J125+'Annotated by ChatGPT'!J125)/2 -> 2 | K125: =('Annotated by thesis author'!K125+'Annotated by ChatGPT'!K125)/2 -> 2 | L125: =('Annotated by thesis author'!L125+'Annotated by ChatGPT'!L125)/2 -> 2 | M125: 0
A126: 636 | B126: SLAP: Improving Physical Adversarial Examples with Short-Lived Adversarial Perturbations | C126: Giulio Lovisotto, Henry Turner, and Ivo Sluganovic, Martin Strohmeier, Ivan Martinovic | D126: https://www.usenix.org/system/files/sec21-lovisotto.pdf | E126: 2021 | F126: 1 | G126: =('Annotated by thesis author'!G126+'Annotated by ChatGPT'!G126)/2 -> 2 | H126: =('Annotated by thesis author'!H126+'Annotated by ChatGPT'!H126)/2 -> 0 | I126: 1 | J126: =('Annotated by thesis author'!J126+'Annotated by ChatGPT'!J126)/2 -> 2 | K126: =('Annotated by thesis author'!K126+'Annotated by ChatGPT'!K126)/2 -> 2 | L126: =('Annotated by thesis author'!L126+'Annotated by ChatGPT'!L126)/2 -> 2 | M126: 1
A127: 1 | B127: Cracking-Resistant Password Vaults Using Natural Language Encoders | C127: Rahul Chatterjee, Joseph Bonneau_x000D_ , Ari Juels_x000D_ , Thomas Ristenpart | D127: https://ieeexplore.ieee.org/stamp/stamp.jsp?tp=&arnumber=7163043 | E127: 2015 | F127: =('Annotated by thesis author'!F127+'Annotated by ChatGPT'!F127)/2 -> 0 | G127: =('Annotated by thesis author'!G127+'Annotated by ChatGPT'!G127)/2 -> 0 | H127: =('Annotated by thesis author'!H127+'Annotated by ChatGPT'!H127)/2 -> 0 | I127: =('Annotated by thesis author'!I127+'Annotated by ChatGPT'!I127)/2 -> 1 | J127: =('Annotated by thesis author'!J127+'Annotated by ChatGPT'!J127)/2 -> 1 | K127: =('Annotated by thesis author'!K127+'Annotated by ChatGPT'!K127)/2 -> 2 | L127: =('Annotated by thesis author'!L127+'Annotated by ChatGPT'!L127)/2 -> 0 | M127: 0
A128: 687 | B128: TSS: Transformation-Specific Smoothing for Robustness Certification | C128: Linyi Li, Maurice Weber, Xiajun Xu, Luka Rimanic, Bhavya Kailkhura, Tao Xie, Ce Zhang, Bo Li | D128: https://dl.acm.org/doi/pdf/10.1145/3460120.3485258 | E128: 2021 | F128: =('Annotated by thesis author'!F128+'Annotated by ChatGPT'!F128)/2 -> 3 | G128: =('Annotated by thesis author'!G128+'Annotated by ChatGPT'!G128)/2 -> 2 | H128: =('Annotated by thesis author'!H128+'Annotated by ChatGPT'!H128)/2 -> 1 | I128: =('Annotated by thesis author'!I128+'Annotated by ChatGPT'!I128)/2 -> 1 | J128: =('Annotated by thesis author'!J128+'Annotated by ChatGPT'!J128)/2 -> 1 | K128: =('Annotated by thesis author'!K128+'Annotated by ChatGPT'!K128)/2 -> 2 | L128: =('Annotated by thesis author'!L128+'Annotated by ChatGPT'!L128)/2 -> 2 | M128: 1
A129: 604 | B129: T-Miner: A Generative Approach to Defend Against Trojan Attacks on DNN-based Text Classification | C129: Ahmadreza Azizi, Ibrahim Asadullah Tahmid, Asim Waheed, Neal Mangaokar, Jiameng Pu, Mobin Javed, Chandan K. Reddy, Bimal Viswanath | D129: https://www.usenix.org/conference/usenixsecurity21/presentation/azizi | E129: 2021 | F129: =('Annotated by thesis author'!F129+'Annotated by ChatGPT'!F129)/2 -> 0 | G129: =('Annotated by thesis author'!G129+'Annotated by ChatGPT'!G129)/2 -> 0 | H129: =('Annotated by thesis author'!H129+'Annotated by ChatGPT'!H129)/2 -> 0 | I129: =('Annotated by thesis author'!I129+'Annotated by ChatGPT'!I129)/2 -> 2 | J129: 1 | K129: =('Annotated by thesis author'!K129+'Annotated by ChatGPT'!K129)/2 -> 1 | L129: =('Annotated by thesis author'!L129+'Annotated by ChatGPT'!L129)/2 -> 2 | M129: 0
...
